Case_1,PASS,FAILING_POINTS,0,LARGEST_ERROR,7.40324e-012,SUPPORTED,TRUE,EXCEPTION_MSG,NONE,Time,0
Case_2,PASS,FAILING_POINTS,0,LARGEST_ERROR,1.43051e-011,SUPPORTED,TRUE,EXCEPTION_MSG,NONE,Time,0
Case_3,PASS,FAILING_POINTS,0,LARGEST_ERROR,8.45369e-011,SUPPORTED,TRUE,EXCEPTION_MSG,NONE,Time,0
Case_4,PASS,FAILING_POINTS,0,LARGEST_ERROR,1.10407e-010,SUPPORTED,TRUE,EXCEPTION_MSG,NONE,Time,0
Case_5,PASS,FAILING_POINTS,0,LARGEST_ERROR,7.72388e-012,SUPPORTED,TRUE,EXCEPTION_MSG,NONE,Time,0
Case_6,PASS,FAILING_POINTS,0,LARGEST_ERROR,8.88178e-016,SUPPORTED,TRUE,EXCEPTION_MSG,NONE,Time,0
Case_7,PASS,FAILING_POINTS,0,LARGEST_ERROR,2.03646e-010,SUPPORTED,TRUE,EXCEPTION_MSG,NONE,Time,0
Case_8,PASS,FAILING_POINTS,0,LARGEST_ERROR,6.0773e-010,SUPPORTED,TRUE,EXCEPTION_MSG,NONE,Time,0
Case_9,PASS,FAILING_POINTS,0,LARGEST_ERROR,8.88178e-016,SUPPORTED,TRUE,EXCEPTION_MSG,NONE,Time,0
Case_10,PASS,FAILING_POINTS,0,LARGEST_ERROR,8.3035e-012,SUPPORTED,TRUE,EXCEPTION_MSG,NONE,Time,0
Case_11,PASS,FAILING_POINTS,0,LARGEST_ERROR,1.91668e-011,SUPPORTED,TRUE,EXCEPTION_MSG,NONE,Time,0
Case_12,PASS,FAILING_POINTS,0,LARGEST_ERROR,1.0017e-010,SUPPORTED,TRUE,EXCEPTION_MSG,NONE,Time,0
Case_13,PASS,FAILING_POINTS,0,LARGEST_ERROR,8.88178e-016,SUPPORTED,TRUE,EXCEPTION_MSG,NONE,Time,0
Case_14,PASS,FAILING_POINTS,0,LARGEST_ERROR,1.05828e-011,SUPPORTED,TRUE,EXCEPTION_MSG,NONE,Time,0
Case_15,PASS,FAILING_POINTS,0,LARGEST_ERROR,1.53274e-011,SUPPORTED,TRUE,EXCEPTION_MSG,NONE,Time,0
Case_16,PASS,FAILING_POINTS,0,LARGEST_ERROR,9.44849e-011,SUPPORTED,TRUE,EXCEPTION_MSG,NONE,Time,0
Case_17,PASS,FAILING_POINTS,0,LARGEST_ERROR,3.23302e-008,SUPPORTED,TRUE,EXCEPTION_MSG,NONE,Time,0
Case_18,PASS,FAILING_POINTS,0,LARGEST_ERROR,6.72621e-012,SUPPORTED,TRUE,EXCEPTION_MSG,NONE,Time,0
Case_19,PASS,FAILING_POINTS,0,LARGEST_ERROR,2.77507e-011,SUPPORTED,TRUE,EXCEPTION_MSG,NONE,Time,0
Case_20,PASS,FAILING_POINTS,0,LARGEST_ERROR,2.89981e-011,SUPPORTED,TRUE,EXCEPTION_MSG,NONE,Time,0
Case_21,PASS,FAILING_POINTS,0,LARGEST_ERROR,8.57741e-012,SUPPORTED,TRUE,EXCEPTION_MSG,NONE,Time,0
Case_22,PASS,FAILING_POINTS,0,LARGEST_ERROR,2.93494e-011,SUPPORTED,TRUE,EXCEPTION_MSG,NONE,Time,0
Case_23,PASS,FAILING_POINTS,0,LARGEST_ERROR,1.87843e-008,SUPPORTED,TRUE,EXCEPTION_MSG,NONE,Time,0
Case_24,PASS,FAILING_POINTS,0,LARGEST_ERROR,8.77876e-012,SUPPORTED,TRUE,EXCEPTION_MSG,NONE,Time,0
Case_25,PASS,FAILING_POINTS,0,LARGEST_ERROR,1.9514e-011,SUPPORTED,TRUE,EXCEPTION_MSG,NONE,Time,0
Case_26,PASS,FAILING_POINTS,0,LARGEST_ERROR,8.69038e-008,SUPPORTED,TRUE,EXCEPTION_MSG,NONE,Time,0
Case_27,PASS,FAILING_POINTS,0,LARGEST_ERROR,3.59304e-010,SUPPORTED,TRUE,EXCEPTION_MSG,NONE,Time,0
Case_28,PASS,FAILING_POINTS,0,LARGEST_ERROR,1.00242e-010,SUPPORTED,TRUE,EXCEPTION_MSG,NONE,Time,0
Case_29,PASS,FAILING_POINTS,0,LARGEST_ERROR,2.22045e-016,SUPPORTED,TRUE,EXCEPTION_MSG,NONE,Time,0
Case_30,PASS,FAILING_POINTS,0,LARGEST_ERROR,2.22045e-016,SUPPORTED,TRUE,EXCEPTION_MSG,NONE,Time,0
Case_31,PASS,FAILING_POINTS,0,LARGEST_ERROR,3.55271e-014,SUPPORTED,TRUE,EXCEPTION_MSG,NONE,Time,0
Case_32,PASS,FAILING_POINTS,0,LARGEST_ERROR,1.19983e-010,SUPPORTED,TRUE,EXCEPTION_MSG,NONE,Time,0
Case_33,PASS,FAILING_POINTS,0,LARGEST_ERROR,1.11087e-009,SUPPORTED,TRUE,EXCEPTION_MSG,NONE,Time,0
Case_34,PASS,FAILING_POINTS,0,LARGEST_ERROR,7.56287e-012,SUPPORTED,TRUE,EXCEPTION_MSG,NONE,Time,0
Case_35,PASS,FAILING_POINTS,0,LARGEST_ERROR,1.53276e-011,SUPPORTED,TRUE,EXCEPTION_MSG,NONE,Time,0
Case_36,PASS,FAILING_POINTS,0,LARGEST_ERROR,1.00772e-010,SUPPORTED,TRUE,EXCEPTION_MSG,NONE,Time,0
Case_37,PASS,FAILING_POINTS,0,LARGEST_ERROR,8.38353e-010,SUPPORTED,TRUE,EXCEPTION_MSG,NONE,Time,0
Case_38,PASS,FAILING_POINTS,0,LARGEST_ERROR,2.02719e-008,SUPPORTED,TRUE,EXCEPTION_MSG,NONE,Time,0
Case_39,FAIL,FAILING_POINTS,0,LARGEST_ERROR,1,SUPPORTED,FALSE,EXCEPTION_MSG,NOT_SUPPORTED,Time,0
Case_40,FAIL,FAILING_POINTS,0,LARGEST_ERROR,1,SUPPORTED,FALSE,EXCEPTION_MSG,NOT_SUPPORTED,Time,0
Case_41,PASS,FAILING_POINTS,0,LARGEST_ERROR,2.05506e-007,SUPPORTED,TRUE,EXCEPTION_MSG,NONE,Time,0
Case_42,PASS,FAILING_POINTS,0,LARGEST_ERROR,7.40324e-012,SUPPORTED,TRUE,EXCEPTION_MSG,NONE,Time,0
Case_43,PASS,FAILING_POINTS,0,LARGEST_ERROR,3.58121e-011,SUPPORTED,TRUE,EXCEPTION_MSG,NONE,Time,4
Case_44,PASS,FAILING_POINTS,0,LARGEST_ERROR,1.22516e-010,SUPPORTED,TRUE,EXCEPTION_MSG,NONE,Time,0
Case_45,PASS,FAILING_POINTS,0,LARGEST_ERROR,3.64383e-010,SUPPORTED,TRUE,EXCEPTION_MSG,NONE,Time,0
Case_46,PASS,FAILING_POINTS,0,LARGEST_ERROR,7.56287e-012,SUPPORTED,TRUE,EXCEPTION_MSG,NONE,Time,0
Case_47,PASS,FAILING_POINTS,0,LARGEST_ERROR,1.53274e-011,SUPPORTED,TRUE,EXCEPTION_MSG,NONE,Time,0
Case_48,PASS,FAILING_POINTS,0,LARGEST_ERROR,1.19983e-010,SUPPORTED,TRUE,EXCEPTION_MSG,NONE,Time,0
Case_49,PASS,FAILING_POINTS,0,LARGEST_ERROR,1.22276e-009,SUPPORTED,TRUE,EXCEPTION_MSG,NONE,Time,0
Case_50,PASS,FAILING_POINTS,0,LARGEST_ERROR,6.96766e-012,SUPPORTED,TRUE,EXCEPTION_MSG,NONE,Time,0
Case_51,PASS,FAILING_POINTS,0,LARGEST_ERROR,1.33843e-007,SUPPORTED,TRUE,EXCEPTION_MSG,NONE,Time,0
Case_52,PASS,FAILING_POINTS,0,LARGEST_ERROR,1.66933e-007,SUPPORTED,TRUE,EXCEPTION_MSG,NONE,Time,0
Case_53,PASS,FAILING_POINTS,0,LARGEST_ERROR,2.28757e-007,SUPPORTED,TRUE,EXCEPTION_MSG,NONE,Time,0
Case_54,PASS,FAILING_POINTS,0,LARGEST_ERROR,3.84726e-009,SUPPORTED,TRUE,EXCEPTION_MSG,NONE,Time,0
Case_55,PASS,FAILING_POINTS,0,LARGEST_ERROR,1.74632e-008,SUPPORTED,TRUE,EXCEPTION_MSG,NONE,Time,0
Case_56,PASS,FAILING_POINTS,0,LARGEST_ERROR,2.14118e-008,SUPPORTED,TRUE,EXCEPTION_MSG,NONE,Time,0
Case_57,PASS,FAILING_POINTS,0,LARGEST_ERROR,8.28849e-012,SUPPORTED,TRUE,EXCEPTION_MSG,NONE,Time,0
Case_58,PASS,FAILING_POINTS,0,LARGEST_ERROR,8.28849e-012,SUPPORTED,TRUE,EXCEPTION_MSG,NONE,Time,0
Case_59,PASS,FAILING_POINTS,0,LARGEST_ERROR,1.95137e-011,SUPPORTED,TRUE,EXCEPTION_MSG,NONE,Time,0
Case_60,PASS,FAILING_POINTS,0,LARGEST_ERROR,3.04595e-011,SUPPORTED,TRUE,EXCEPTION_MSG,NONE,Time,0
Case_61,PASS,FAILING_POINTS,0,LARGEST_ERROR,3.06203e-011,SUPPORTED,TRUE,EXCEPTION_MSG,NONE,Time,0
Case_62,PASS,FAILING_POINTS,0,LARGEST_ERROR,6.61262e-012,SUPPORTED,TRUE,EXCEPTION_MSG,NONE,Time,0
Case_63,PASS,FAILING_POINTS,0,LARGEST_ERROR,4.87088e-006,SUPPORTED,TRUE,EXCEPTION_MSG,NONE,Time,0
Case_64,PASS,FAILING_POINTS,0,LARGEST_ERROR,8.73554e-009,SUPPORTED,TRUE,EXCEPTION_MSG,NONE,Time,0
Case_65,PASS,FAILING_POINTS,0,LARGEST_ERROR,5.88571e-012,SUPPORTED,TRUE,EXCEPTION_MSG,NONE,Time,0
Case_66,PASS,FAILING_POINTS,0,LARGEST_ERROR,3.30512e-012,SUPPORTED,TRUE,EXCEPTION_MSG,NONE,Time,0
Case_67,PASS,FAILING_POINTS,0,LARGEST_ERROR,6.77748e-009,SUPPORTED,TRUE,EXCEPTION_MSG,NONE,Time,0
Case_68,PASS,FAILING_POINTS,0,LARGEST_ERROR,4.99617e-006,SUPPORTED,TRUE,EXCEPTION_MSG,NONE,Time,0
Case_69,PASS,FAILING_POINTS,0,LARGEST_ERROR,6.94369e-010,SUPPORTED,TRUE,EXCEPTION_MSG,NONE,Time,0
Case_70,PASS,FAILING_POINTS,0,LARGEST_ERROR,8.03527e-010,SUPPORTED,TRUE,EXCEPTION_MSG,NONE,Time,0
Case_71,PASS,FAILING_POINTS,0,LARGEST_ERROR,2.53218e-008,SUPPORTED,TRUE,EXCEPTION_MSG,NONE,Time,1
Case_72,PASS,FAILING_POINTS,0,LARGEST_ERROR,5.70585e-008,SUPPORTED,TRUE,EXCEPTION_MSG,NONE,Time,0
Case_73,PASS,FAILING_POINTS,0,LARGEST_ERROR,1.84846e-007,SUPPORTED,TRUE,EXCEPTION_MSG,NONE,Time,0
Case_74,PASS,FAILING_POINTS,0,LARGEST_ERROR,1.97945e-007,SUPPORTED,TRUE,EXCEPTION_MSG,NONE,Time,0
Case_75,PASS,FAILING_POINTS,0,LARGEST_ERROR,1.32507e-007,SUPPORTED,TRUE,EXCEPTION_MSG,NONE,Time,0
Case_76,PASS,FAILING_POINTS,0,LARGEST_ERROR,1.6224e-009,SUPPORTED,TRUE,EXCEPTION_MSG,NONE,Time,0
Case_77,PASS,FAILING_POINTS,0,LARGEST_ERROR,1.2894e-007,SUPPORTED,TRUE,EXCEPTION_MSG,NONE,Time,0
Case_78,PASS,FAILING_POINTS,0,LARGEST_ERROR,2.38393e-008,SUPPORTED,TRUE,EXCEPTION_MSG,NONE,Time,0
Case_79,PASS,FAILING_POINTS,0,LARGEST_ERROR,6.50776e-012,SUPPORTED,TRUE,EXCEPTION_MSG,NONE,Time,0
Case_80,PASS,FAILING_POINTS,0,LARGEST_ERROR,2.53031e-009,SUPPORTED,TRUE,EXCEPTION_MSG,NONE,Time,0
Case_81,PASS,FAILING_POINTS,0,LARGEST_ERROR,4.94197e-006,SUPPORTED,TRUE,EXCEPTION_MSG,NONE,Time,0
Case_82,PASS,FAILING_POINTS,0,LARGEST_ERROR,3.51428e-011,SUPPORTED,TRUE,EXCEPTION_MSG,NONE,Time,0
Case_83,PASS,FAILING_POINTS,0,LARGEST_ERROR,4.8867e-006,SUPPORTED,TRUE,EXCEPTION_MSG,NONE,Time,0
Case_84,PASS,FAILING_POINTS,0,LARGEST_ERROR,3.95516e-008,SUPPORTED,TRUE,EXCEPTION_MSG,NONE,Time,0
Case_85,PASS,FAILING_POINTS,0,LARGEST_ERROR,8.87063e-012,SUPPORTED,TRUE,EXCEPTION_MSG,NONE,Time,0
Case_86,PASS,FAILING_POINTS,0,LARGEST_ERROR,1.19589e-007,SUPPORTED,TRUE,EXCEPTION_MSG,NONE,Time,0
Case_87,PASS,FAILING_POINTS,0,LARGEST_ERROR,2.64654e-008,SUPPORTED,TRUE,EXCEPTION_MSG,NONE,Time,0
Case_88,PASS,FAILING_POINTS,0,LARGEST_ERROR,2.8718e-008,SUPPORTED,TRUE,EXCEPTION_MSG,NONE,Time,0
Case_89,PASS,FAILING_POINTS,0,LARGEST_ERROR,1.09141e-011,SUPPORTED,TRUE,EXCEPTION_MSG,NONE,Time,0
Case_90,PASS,FAILING_POINTS,0,LARGEST_ERROR,1.09141e-011,SUPPORTED,TRUE,EXCEPTION_MSG,NONE,Time,0
Case_91,PASS,FAILING_POINTS,0,LARGEST_ERROR,1.09141e-011,SUPPORTED,TRUE,EXCEPTION_MSG,NONE,Time,0
Case_92,PASS,FAILING_POINTS,0,LARGEST_ERROR,1.32143e-011,SUPPORTED,TRUE,EXCEPTION_MSG,NONE,Time,0
Case_93,PASS,FAILING_POINTS,0,LARGEST_ERROR,1.32143e-011,SUPPORTED,TRUE,EXCEPTION_MSG,NONE,Time,0
Case_94,PASS,FAILING_POINTS,0,LARGEST_ERROR,1.32143e-011,SUPPORTED,TRUE,EXCEPTION_MSG,NONE,Time,0
Case_95,PASS,FAILING_POINTS,0,LARGEST_ERROR,7.50806e-012,SUPPORTED,TRUE,EXCEPTION_MSG,NONE,Time,1
Case_96,PASS,FAILING_POINTS,0,LARGEST_ERROR,7.50806e-012,SUPPORTED,TRUE,EXCEPTION_MSG,NONE,Time,0
Case_97,PASS,FAILING_POINTS,0,LARGEST_ERROR,7.50806e-012,SUPPORTED,TRUE,EXCEPTION_MSG,NONE,Time,0
Case_98,PASS,FAILING_POINTS,0,LARGEST_ERROR,7.56287e-012,SUPPORTED,TRUE,EXCEPTION_MSG,NONE,Time,0
Case_99,PASS,FAILING_POINTS,0,LARGEST_ERROR,7.56287e-012,SUPPORTED,TRUE,EXCEPTION_MSG,NONE,Time,0
Case_100,PASS,FAILING_POINTS,0,LARGEST_ERROR,7.56287e-012,SUPPORTED,TRUE,EXCEPTION_MSG,NONE,Time,0
Case_101,PASS,FAILING_POINTS,0,LARGEST_ERROR,9.38391e-013,SUPPORTED,TRUE,EXCEPTION_MSG,NONE,Time,0
Case_102,PASS,FAILING_POINTS,0,LARGEST_ERROR,6.96766e-012,SUPPORTED,TRUE,EXCEPTION_MSG,NONE,Time,0
Case_103,PASS,FAILING_POINTS,0,LARGEST_ERROR,6.96766e-012,SUPPORTED,TRUE,EXCEPTION_MSG,NONE,Time,0
Case_104,PASS,FAILING_POINTS,0,LARGEST_ERROR,1.40727e-007,SUPPORTED,TRUE,EXCEPTION_MSG,NONE,Time,0
Case_105,PASS,FAILING_POINTS,0,LARGEST_ERROR,1.66933e-007,SUPPORTED,TRUE,EXCEPTION_MSG,NONE,Time,0
Case_106,PASS,FAILING_POINTS,0,LARGEST_ERROR,2.28757e-007,SUPPORTED,TRUE,EXCEPTION_MSG,NONE,Time,0
Case_107,PASS,FAILING_POINTS,0,LARGEST_ERROR,2.83731e-008,SUPPORTED,TRUE,EXCEPTION_MSG,NONE,Time,0
Case_108,PASS,FAILING_POINTS,0,LARGEST_ERROR,1.18609e-011,SUPPORTED,TRUE,EXCEPTION_MSG,NONE,Time,0
Case_109,PASS,FAILING_POINTS,0,LARGEST_ERROR,9.12769e-012,SUPPORTED,TRUE,EXCEPTION_MSG,NONE,Time,0
Case_110,PASS,FAILING_POINTS,0,LARGEST_ERROR,3.84726e-009,SUPPORTED,TRUE,EXCEPTION_MSG,NONE,Time,0
Case_111,PASS,FAILING_POINTS,0,LARGEST_ERROR,1.74632e-008,SUPPORTED,TRUE,EXCEPTION_MSG,NONE,Time,0
Case_112,PASS,FAILING_POINTS,0,LARGEST_ERROR,2.14118e-008,SUPPORTED,TRUE,EXCEPTION_MSG,NONE,Time,1
Case_113,PASS,FAILING_POINTS,0,LARGEST_ERROR,4.05855e-009,SUPPORTED,TRUE,EXCEPTION_MSG,NONE,Time,0
Case_114,PASS,FAILING_POINTS,0,LARGEST_ERROR,1.01048e-010,SUPPORTED,TRUE,EXCEPTION_MSG,NONE,Time,0
Case_115,PASS,FAILING_POINTS,0,LARGEST_ERROR,6.61262e-012,SUPPORTED,TRUE,EXCEPTION_MSG,NONE,Time,0
Case_116,PASS,FAILING_POINTS,0,LARGEST_ERROR,4.76603e-011,SUPPORTED,TRUE,EXCEPTION_MSG,NONE,Time,0
Case_117,PASS,FAILING_POINTS,0,LARGEST_ERROR,2.74213e-011,SUPPORTED,TRUE,EXCEPTION_MSG,NONE,Time,0
Case_118,PASS,FAILING_POINTS,0,LARGEST_ERROR,1.77636e-015,SUPPORTED,TRUE,EXCEPTION_MSG,NONE,Time,0
Case_119,PASS,FAILING_POINTS,0,LARGEST_ERROR,4.87088e-006,SUPPORTED,TRUE,EXCEPTION_MSG,NONE,Time,0
Case_120,PASS,FAILING_POINTS,0,LARGEST_ERROR,8.73554e-009,SUPPORTED,TRUE,EXCEPTION_MSG,NONE,Time,0
Case_121,PASS,FAILING_POINTS,0,LARGEST_ERROR,5.88571e-012,SUPPORTED,TRUE,EXCEPTION_MSG,NONE,Time,0
Case_122,PASS,FAILING_POINTS,0,LARGEST_ERROR,1.54734e-011,SUPPORTED,TRUE,EXCEPTION_MSG,NONE,Time,0
Case_123,PASS,FAILING_POINTS,0,LARGEST_ERROR,3.30512e-012,SUPPORTED,TRUE,EXCEPTION_MSG,NONE,Time,0
Case_124,PASS,FAILING_POINTS,0,LARGEST_ERROR,6.7772e-009,SUPPORTED,TRUE,EXCEPTION_MSG,NONE,Time,0
Case_125,PASS,FAILING_POINTS,0,LARGEST_ERROR,6.21272e-011,SUPPORTED,TRUE,EXCEPTION_MSG,NONE,Time,0
Case_126,PASS,FAILING_POINTS,0,LARGEST_ERROR,4.55563e-011,SUPPORTED,TRUE,EXCEPTION_MSG,NONE,Time,0
Case_127,PASS,FAILING_POINTS,0,LARGEST_ERROR,3.10641e-011,SUPPORTED,TRUE,EXCEPTION_MSG,NONE,Time,0
Case_128,PASS,FAILING_POINTS,0,LARGEST_ERROR,4.70846e-010,SUPPORTED,TRUE,EXCEPTION_MSG,NONE,Time,0
Case_129,PASS,FAILING_POINTS,0,LARGEST_ERROR,6.47638e-008,SUPPORTED,TRUE,EXCEPTION_MSG,NONE,Time,0
Case_130,PASS,FAILING_POINTS,0,LARGEST_ERROR,1.384e-011,SUPPORTED,TRUE,EXCEPTION_MSG,NONE,Time,0
Case_131,PASS,FAILING_POINTS,0,LARGEST_ERROR,1.05442e-010,SUPPORTED,TRUE,EXCEPTION_MSG,NONE,Time,0
Case_132,PASS,FAILING_POINTS,0,LARGEST_ERROR,1.356e-011,SUPPORTED,TRUE,EXCEPTION_MSG,NONE,Time,0
Case_133,PASS,FAILING_POINTS,0,LARGEST_ERROR,1.356e-011,SUPPORTED,TRUE,EXCEPTION_MSG,NONE,Time,0
Case_134,PASS,FAILING_POINTS,0,LARGEST_ERROR,1.19567e-010,SUPPORTED,TRUE,EXCEPTION_MSG,NONE,Time,0
Case_135,PASS,FAILING_POINTS,0,LARGEST_ERROR,2.62521e-011,SUPPORTED,TRUE,EXCEPTION_MSG,NONE,Time,0
Case_136,PASS,FAILING_POINTS,0,LARGEST_ERROR,4.99626e-006,SUPPORTED,TRUE,EXCEPTION_MSG,NONE,Time,0
Case_137,PASS,FAILING_POINTS,0,LARGEST_ERROR,2.64654e-008,SUPPORTED,TRUE,EXCEPTION_MSG,NONE,Time,1
Case_138,PASS,FAILING_POINTS,0,LARGEST_ERROR,2.64654e-008,SUPPORTED,TRUE,EXCEPTION_MSG,NONE,Time,0
Case_139,PASS,FAILING_POINTS,0,LARGEST_ERROR,1.78669e-008,SUPPORTED,TRUE,EXCEPTION_MSG,NONE,Time,0
Case_140,PASS,FAILING_POINTS,0,LARGEST_ERROR,1.78669e-008,SUPPORTED,TRUE,EXCEPTION_MSG,NONE,Time,0
Case_141,PASS,FAILING_POINTS,0,LARGEST_ERROR,1.78669e-008,SUPPORTED,TRUE,EXCEPTION_MSG,NONE,Time,0
Case_142,PASS,FAILING_POINTS,0,LARGEST_ERROR,3.46179e-012,SUPPORTED,TRUE,EXCEPTION_MSG,NONE,Time,0
Case_143,PASS,FAILING_POINTS,0,LARGEST_ERROR,3.46179e-012,SUPPORTED,TRUE,EXCEPTION_MSG,NONE,Time,0
Case_144,PASS,FAILING_POINTS,0,LARGEST_ERROR,3.46179e-012,SUPPORTED,TRUE,EXCEPTION_MSG,NONE,Time,0
Case_145,PASS,FAILING_POINTS,0,LARGEST_ERROR,1.31512e-010,SUPPORTED,TRUE,EXCEPTION_MSG,NONE,Time,0
Case_146,PASS,FAILING_POINTS,0,LARGEST_ERROR,1.31512e-010,SUPPORTED,TRUE,EXCEPTION_MSG,NONE,Time,0
Case_147,PASS,FAILING_POINTS,0,LARGEST_ERROR,1.31512e-010,SUPPORTED,TRUE,EXCEPTION_MSG,NONE,Time,0
Case_148,PASS,FAILING_POINTS,0,LARGEST_ERROR,8.16698e-010,SUPPORTED,TRUE,EXCEPTION_MSG,NONE,Time,0
Case_149,PASS,FAILING_POINTS,0,LARGEST_ERROR,8.16698e-010,SUPPORTED,TRUE,EXCEPTION_MSG,NONE,Time,0
Case_150,PASS,FAILING_POINTS,0,LARGEST_ERROR,8.16698e-010,SUPPORTED,TRUE,EXCEPTION_MSG,NONE,Time,0
Case_151,PASS,FAILING_POINTS,0,LARGEST_ERROR,1.09141e-011,SUPPORTED,TRUE,EXCEPTION_MSG,NONE,Time,0
Case_152,PASS,FAILING_POINTS,0,LARGEST_ERROR,2.02719e-008,SUPPORTED,TRUE,EXCEPTION_MSG,NONE,Time,0
Case_153,PASS,FAILING_POINTS,0,LARGEST_ERROR,2.22443e-011,SUPPORTED,TRUE,EXCEPTION_MSG,NONE,Time,0
Case_154,PASS,FAILING_POINTS,0,LARGEST_ERROR,1.80589e-010,SUPPORTED,TRUE,EXCEPTION_MSG,NONE,Time,0
Case_155,PASS,FAILING_POINTS,0,LARGEST_ERROR,2.22443e-011,SUPPORTED,TRUE,EXCEPTION_MSG,NONE,Time,0
Case_156,PASS,FAILING_POINTS,0,LARGEST_ERROR,1.78613e-010,SUPPORTED,TRUE,EXCEPTION_MSG,NONE,Time,0
Case_157,PASS,FAILING_POINTS,0,LARGEST_ERROR,1.17394e-009,SUPPORTED,TRUE,EXCEPTION_MSG,NONE,Time,0
Case_158,PASS,FAILING_POINTS,0,LARGEST_ERROR,2.73429e-009,SUPPORTED,TRUE,EXCEPTION_MSG,NONE,Time,1
Case_159,PASS,FAILING_POINTS,0,LARGEST_ERROR,3.80062e-011,SUPPORTED,TRUE,EXCEPTION_MSG,NONE,Time,0
Case_160,PASS,FAILING_POINTS,0,LARGEST_ERROR,2.19944e-008,SUPPORTED,TRUE,EXCEPTION_MSG,NONE,Time,0
Case_161,PASS,FAILING_POINTS,0,LARGEST_ERROR,4.08103e-010,SUPPORTED,TRUE,EXCEPTION_MSG,NONE,Time,0
Case_162,PASS,FAILING_POINTS,0,LARGEST_ERROR,4.08103e-010,SUPPORTED,TRUE,EXCEPTION_MSG,NONE,Time,0
Case_163,PASS,FAILING_POINTS,0,LARGEST_ERROR,1.93598e-010,SUPPORTED,TRUE,EXCEPTION_MSG,NONE,Time,0
Case_164,PASS,FAILING_POINTS,0,LARGEST_ERROR,8.88178e-016,SUPPORTED,TRUE,EXCEPTION_MSG,NONE,Time,0
Case_165,PASS,FAILING_POINTS,0,LARGEST_ERROR,1.21223e-010,SUPPORTED,TRUE,EXCEPTION_MSG,NONE,Time,0
Case_166,PASS,FAILING_POINTS,0,LARGEST_ERROR,1.22516e-010,SUPPORTED,TRUE,EXCEPTION_MSG,NONE,Time,0
Case_167,PASS,FAILING_POINTS,0,LARGEST_ERROR,8.56287e-011,SUPPORTED,TRUE,EXCEPTION_MSG,NONE,Time,0
Case_168,PASS,FAILING_POINTS,0,LARGEST_ERROR,8.13916e-011,SUPPORTED,TRUE,EXCEPTION_MSG,NONE,Time,1
Case_169,PASS,FAILING_POINTS,0,LARGEST_ERROR,2.89981e-011,SUPPORTED,TRUE,EXCEPTION_MSG,NONE,Time,1
Case_170,PASS,FAILING_POINTS,0,LARGEST_ERROR,1.04973e-011,SUPPORTED,TRUE,EXCEPTION_MSG,NONE,Time,1
Case_171,PASS,FAILING_POINTS,0,LARGEST_ERROR,5.46758e-010,SUPPORTED,TRUE,EXCEPTION_MSG,NONE,Time,2
Case_172,PASS,FAILING_POINTS,0,LARGEST_ERROR,8.69038e-008,SUPPORTED,TRUE,EXCEPTION_MSG,NONE,Time,0
Case_173,PASS,FAILING_POINTS,0,LARGEST_ERROR,1.00242e-010,SUPPORTED,TRUE,EXCEPTION_MSG,NONE,Time,0
Case_174,PASS,FAILING_POINTS,0,LARGEST_ERROR,2.22045e-016,SUPPORTED,TRUE,EXCEPTION_MSG,NONE,Time,0
Case_175,PASS,FAILING_POINTS,0,LARGEST_ERROR,1.06581e-014,SUPPORTED,TRUE,EXCEPTION_MSG,NONE,Time,0
Case_176,PASS,FAILING_POINTS,0,LARGEST_ERROR,2.95477e-009,SUPPORTED,TRUE,EXCEPTION_MSG,NONE,Time,0
Case_177,PASS,FAILING_POINTS,0,LARGEST_ERROR,4.2477e-009,SUPPORTED,TRUE,EXCEPTION_MSG,NONE,Time,0
Case_178,PASS,FAILING_POINTS,0,LARGEST_ERROR,1.22276e-009,SUPPORTED,TRUE,EXCEPTION_MSG,NONE,Time,0
Case_179,PASS,FAILING_POINTS,0,LARGEST_ERROR,1.61408e-009,SUPPORTED,TRUE,EXCEPTION_MSG,NONE,Time,0
Case_180,PASS,FAILING_POINTS,0,LARGEST_ERROR,1.06112e-008,SUPPORTED,TRUE,EXCEPTION_MSG,NONE,Time,0
Case_181,PASS,FAILING_POINTS,0,LARGEST_ERROR,2.23107e-008,SUPPORTED,TRUE,EXCEPTION_MSG,NONE,Time,0
Case_182,FAIL,FAILING_POINTS,0,LARGEST_ERROR,1,SUPPORTED,FALSE,EXCEPTION_MSG,NOT_SUPPORTED,Time,0
Case_183,PASS,FAILING_POINTS,0,LARGEST_ERROR,8.18346e-009,SUPPORTED,TRUE,EXCEPTION_MSG,NONE,Time,0
Case_184,FAIL,FAILING_POINTS,0,LARGEST_ERROR,1,SUPPORTED,FALSE,EXCEPTION_MSG,NOT_SUPPORTED,Time,0
Case_185,PASS,FAILING_POINTS,0,LARGEST_ERROR,2.59677e-008,SUPPORTED,TRUE,EXCEPTION_MSG,NONE,Time,1
Case_186,PASS,FAILING_POINTS,0,LARGEST_ERROR,9.78835e-012,SUPPORTED,TRUE,EXCEPTION_MSG,NONE,Time,0
Case_187,PASS,FAILING_POINTS,0,LARGEST_ERROR,7.20536e-012,SUPPORTED,TRUE,EXCEPTION_MSG,NONE,Time,0
Case_188,PASS,FAILING_POINTS,0,LARGEST_ERROR,1.76119e-011,SUPPORTED,TRUE,EXCEPTION_MSG,NONE,Time,0
Case_189,PASS,FAILING_POINTS,0,LARGEST_ERROR,1.07337e-011,SUPPORTED,TRUE,EXCEPTION_MSG,NONE,Time,0
Case_190,PASS,FAILING_POINTS,0,LARGEST_ERROR,1.06581e-014,SUPPORTED,TRUE,EXCEPTION_MSG,NONE,Time,0
Case_191,PASS,FAILING_POINTS,0,LARGEST_ERROR,2.39258e-007,SUPPORTED,TRUE,EXCEPTION_MSG,NONE,Time,0
Case_192,PASS,FAILING_POINTS,0,LARGEST_ERROR,1.46244e-007,SUPPORTED,TRUE,EXCEPTION_MSG,NONE,Time,0
Case_193,PASS,FAILING_POINTS,0,LARGEST_ERROR,7.76011e-008,SUPPORTED,TRUE,EXCEPTION_MSG,NONE,Time,0
Case_194,PASS,FAILING_POINTS,0,LARGEST_ERROR,6.53754e-008,SUPPORTED,TRUE,EXCEPTION_MSG,NONE,Time,0
Case_195,PASS,FAILING_POINTS,0,LARGEST_ERROR,2.47819e-008,SUPPORTED,TRUE,EXCEPTION_MSG,NONE,Time,0
Case_196,PASS,FAILING_POINTS,0,LARGEST_ERROR,4.88634e-007,SUPPORTED,TRUE,EXCEPTION_MSG,NONE,Time,0
Case_197,PASS,FAILING_POINTS,0,LARGEST_ERROR,6.23851e-007,SUPPORTED,TRUE,EXCEPTION_MSG,NONE,Time,0
Case_198,PASS,FAILING_POINTS,0,LARGEST_ERROR,6.73113e-007,SUPPORTED,TRUE,EXCEPTION_MSG,NONE,Time,0
Case_199,PASS,FAILING_POINTS,0,LARGEST_ERROR,2.39258e-007,SUPPORTED,TRUE,EXCEPTION_MSG,NONE,Time,0
Case_200,PASS,FAILING_POINTS,0,LARGEST_ERROR,6.59008e-007,SUPPORTED,TRUE,EXCEPTION_MSG,NONE,Time,0
Case_201,PASS,FAILING_POINTS,0,LARGEST_ERROR,1.23752e-007,SUPPORTED,TRUE,EXCEPTION_MSG,NONE,Time,0
Case_202,PASS,FAILING_POINTS,0,LARGEST_ERROR,5.84598e-012,SUPPORTED,TRUE,EXCEPTION_MSG,NONE,Time,0
Case_203,PASS,FAILING_POINTS,0,LARGEST_ERROR,7.22214e-012,SUPPORTED,TRUE,EXCEPTION_MSG,NONE,Time,0
Case_204,PASS,FAILING_POINTS,0,LARGEST_ERROR,1.00518e-014,SUPPORTED,TRUE,EXCEPTION_MSG,NONE,Time,0
Case_205,PASS,FAILING_POINTS,0,LARGEST_ERROR,3.45874e-012,SUPPORTED,TRUE,EXCEPTION_MSG,NONE,Time,0
Case_206,PASS,FAILING_POINTS,0,LARGEST_ERROR,1.80828e-010,SUPPORTED,TRUE,EXCEPTION_MSG,NONE,Time,0
Case_207,PASS,FAILING_POINTS,0,LARGEST_ERROR,1.37777e-008,SUPPORTED,TRUE,EXCEPTION_MSG,NONE,Time,0
Case_208,PASS,FAILING_POINTS,0,LARGEST_ERROR,7.95508e-012,SUPPORTED,TRUE,EXCEPTION_MSG,NONE,Time,0
Case_209,PASS,FAILING_POINTS,0,LARGEST_ERROR,1.32149e-009,SUPPORTED,TRUE,EXCEPTION_MSG,NONE,Time,0
Case_210,PASS,FAILING_POINTS,0,LARGEST_ERROR,8.71403e-012,SUPPORTED,TRUE,EXCEPTION_MSG,NONE,Time,0
Case_211,PASS,FAILING_POINTS,0,LARGEST_ERROR,1.11022e-016,SUPPORTED,TRUE,EXCEPTION_MSG,NONE,Time,0
Case_212,PASS,FAILING_POINTS,0,LARGEST_ERROR,2.25035e-011,SUPPORTED,TRUE,EXCEPTION_MSG,NONE,Time,0
Case_213,PASS,FAILING_POINTS,0,LARGEST_ERROR,1.11022e-016,SUPPORTED,TRUE,EXCEPTION_MSG,NONE,Time,0
Case_214,PASS,FAILING_POINTS,0,LARGEST_ERROR,3.14293e-011,SUPPORTED,TRUE,EXCEPTION_MSG,NONE,Time,1
Case_215,PASS,FAILING_POINTS,0,LARGEST_ERROR,2.01501e-010,SUPPORTED,TRUE,EXCEPTION_MSG,NONE,Time,1
Case_216,PASS,FAILING_POINTS,0,LARGEST_ERROR,2.51186e-010,SUPPORTED,TRUE,EXCEPTION_MSG,NONE,Time,0
Case_217,PASS,FAILING_POINTS,0,LARGEST_ERROR,1.64176e-010,SUPPORTED,TRUE,EXCEPTION_MSG,NONE,Time,0
Case_218,PASS,FAILING_POINTS,0,LARGEST_ERROR,1.10291e-010,SUPPORTED,TRUE,EXCEPTION_MSG,NONE,Time,0
Case_219,PASS,FAILING_POINTS,0,LARGEST_ERROR,4.82098e-012,SUPPORTED,TRUE,EXCEPTION_MSG,NONE,Time,0
Case_220,PASS,FAILING_POINTS,0,LARGEST_ERROR,6.17151e-012,SUPPORTED,TRUE,EXCEPTION_MSG,NONE,Time,0
Case_221,PASS,FAILING_POINTS,0,LARGEST_ERROR,5.88172e-012,SUPPORTED,TRUE,EXCEPTION_MSG,NONE,Time,0
Case_222,PASS,FAILING_POINTS,0,LARGEST_ERROR,5.92198e-012,SUPPORTED,TRUE,EXCEPTION_MSG,NONE,Time,0
Case_223,PASS,FAILING_POINTS,0,LARGEST_ERROR,9.29437e-012,SUPPORTED,TRUE,EXCEPTION_MSG,NONE,Time,0
Case_224,PASS,FAILING_POINTS,0,LARGEST_ERROR,8.73615e-009,SUPPORTED,TRUE,EXCEPTION_MSG,NONE,Time,0
Case_225,PASS,FAILING_POINTS,0,LARGEST_ERROR,9.95134e-011,SUPPORTED,TRUE,EXCEPTION_MSG,NONE,Time,0
Case_226,PASS,FAILING_POINTS,0,LARGEST_ERROR,5.55112e-017,SUPPORTED,TRUE,EXCEPTION_MSG,NONE,Time,0
Case_227,PASS,FAILING_POINTS,0,LARGEST_ERROR,1.48023e-011,SUPPORTED,TRUE,EXCEPTION_MSG,NONE,Time,0
Case_228,PASS,FAILING_POINTS,0,LARGEST_ERROR,5.55112e-017,SUPPORTED,TRUE,EXCEPTION_MSG,NONE,Time,0
Case_229,PASS,FAILING_POINTS,0,LARGEST_ERROR,5.412e-006,SUPPORTED,TRUE,EXCEPTION_MSG,NONE,Time,0
Case_230,PASS,FAILING_POINTS,0,LARGEST_ERROR,1.23126e-008,SUPPORTED,TRUE,EXCEPTION_MSG,NONE,Time,0
Case_231,PASS,FAILING_POINTS,0,LARGEST_ERROR,4.99877e-006,SUPPORTED,TRUE,EXCEPTION_MSG,NONE,Time,0
Case_232,PASS,FAILING_POINTS,0,LARGEST_ERROR,4.56808e-006,SUPPORTED,TRUE,EXCEPTION_MSG,NONE,Time,0
Case_233,PASS,FAILING_POINTS,0,LARGEST_ERROR,8.43493e-012,SUPPORTED,TRUE,EXCEPTION_MSG,NONE,Time,0
Case_234,PASS,FAILING_POINTS,0,LARGEST_ERROR,1.53314e-011,SUPPORTED,TRUE,EXCEPTION_MSG,NONE,Time,0
Case_235,PASS,FAILING_POINTS,0,LARGEST_ERROR,6.79923e-010,SUPPORTED,TRUE,EXCEPTION_MSG,NONE,Time,0
Case_236,PASS,FAILING_POINTS,0,LARGEST_ERROR,6.32597e-011,SUPPORTED,TRUE,EXCEPTION_MSG,NONE,Time,0
Case_237,PASS,FAILING_POINTS,0,LARGEST_ERROR,5.74973e-012,SUPPORTED,TRUE,EXCEPTION_MSG,NONE,Time,0
Case_238,PASS,FAILING_POINTS,0,LARGEST_ERROR,1.94289e-016,SUPPORTED,TRUE,EXCEPTION_MSG,NONE,Time,0
Case_239,PASS,FAILING_POINTS,0,LARGEST_ERROR,1.19076e-008,SUPPORTED,TRUE,EXCEPTION_MSG,NONE,Time,0
Case_240,PASS,FAILING_POINTS,0,LARGEST_ERROR,7.62086e-012,SUPPORTED,TRUE,EXCEPTION_MSG,NONE,Time,0
Case_241,PASS,FAILING_POINTS,0,LARGEST_ERROR,2.75146e-012,SUPPORTED,TRUE,EXCEPTION_MSG,NONE,Time,0
Case_242,PASS,FAILING_POINTS,0,LARGEST_ERROR,8.07138e-012,SUPPORTED,TRUE,EXCEPTION_MSG,NONE,Time,0
Case_243,PASS,FAILING_POINTS,0,LARGEST_ERROR,1.35423e-008,SUPPORTED,TRUE,EXCEPTION_MSG,NONE,Time,0
Case_244,PASS,FAILING_POINTS,0,LARGEST_ERROR,6.7468e-009,SUPPORTED,TRUE,EXCEPTION_MSG,NONE,Time,0
Case_245,PASS,FAILING_POINTS,0,LARGEST_ERROR,2.4025e-008,SUPPORTED,TRUE,EXCEPTION_MSG,NONE,Time,0
Case_246,PASS,FAILING_POINTS,0,LARGEST_ERROR,4.93847e-006,SUPPORTED,TRUE,EXCEPTION_MSG,NONE,Time,1
Case_247,PASS,FAILING_POINTS,0,LARGEST_ERROR,9.31859e-009,SUPPORTED,TRUE,EXCEPTION_MSG,NONE,Time,1
Case_248,PASS,FAILING_POINTS,0,LARGEST_ERROR,1.8279e-007,SUPPORTED,TRUE,EXCEPTION_MSG,NONE,Time,0
Case_249,PASS,FAILING_POINTS,0,LARGEST_ERROR,1.05002e-011,SUPPORTED,TRUE,EXCEPTION_MSG,NONE,Time,0
Case_250,PASS,FAILING_POINTS,0,LARGEST_ERROR,1.19683e-011,SUPPORTED,TRUE,EXCEPTION_MSG,NONE,Time,0
Case_251,PASS,FAILING_POINTS,0,LARGEST_ERROR,4.59306e-008,SUPPORTED,TRUE,EXCEPTION_MSG,NONE,Time,0
Case_252,PASS,FAILING_POINTS,0,LARGEST_ERROR,1.29452e-011,SUPPORTED,TRUE,EXCEPTION_MSG,NONE,Time,0
Case_253,PASS,FAILING_POINTS,0,LARGEST_ERROR,5.88571e-012,SUPPORTED,TRUE,EXCEPTION_MSG,NONE,Time,0
Case_254,PASS,FAILING_POINTS,0,LARGEST_ERROR,3.17191e-008,SUPPORTED,TRUE,EXCEPTION_MSG,NONE,Time,0
Case_255,PASS,FAILING_POINTS,0,LARGEST_ERROR,2.29799e-011,SUPPORTED,TRUE,EXCEPTION_MSG,NONE,Time,0
Case_256,PASS,FAILING_POINTS,0,LARGEST_ERROR,3.71616e-012,SUPPORTED,TRUE,EXCEPTION_MSG,NONE,Time,0
Case_257,PASS,FAILING_POINTS,0,LARGEST_ERROR,3.67681e-008,SUPPORTED,TRUE,EXCEPTION_MSG,NONE,Time,0
Case_258,PASS,FAILING_POINTS,0,LARGEST_ERROR,1.23018e-011,SUPPORTED,TRUE,EXCEPTION_MSG,NONE,Time,0
Case_259,PASS,FAILING_POINTS,0,LARGEST_ERROR,6.0989e-012,SUPPORTED,TRUE,EXCEPTION_MSG,NONE,Time,0
Case_260,PASS,FAILING_POINTS,0,LARGEST_ERROR,4.55563e-011,SUPPORTED,TRUE,EXCEPTION_MSG,NONE,Time,0
Case_261,PASS,FAILING_POINTS,0,LARGEST_ERROR,4.8677e-011,SUPPORTED,TRUE,EXCEPTION_MSG,NONE,Time,0
Case_262,PASS,FAILING_POINTS,0,LARGEST_ERROR,1.28728e-011,SUPPORTED,TRUE,EXCEPTION_MSG,NONE,Time,0
Case_263,PASS,FAILING_POINTS,0,LARGEST_ERROR,9.87801e-012,SUPPORTED,TRUE,EXCEPTION_MSG,NONE,Time,0
Case_264,PASS,FAILING_POINTS,0,LARGEST_ERROR,5.42151e-011,SUPPORTED,TRUE,EXCEPTION_MSG,NONE,Time,0
Case_265,PASS,FAILING_POINTS,0,LARGEST_ERROR,2.50613e-010,SUPPORTED,TRUE,EXCEPTION_MSG,NONE,Time,0
Case_266,PASS,FAILING_POINTS,0,LARGEST_ERROR,2.7138e-011,SUPPORTED,TRUE,EXCEPTION_MSG,NONE,Time,0
Case_267,PASS,FAILING_POINTS,0,LARGEST_ERROR,6.7128e-011,SUPPORTED,TRUE,EXCEPTION_MSG,NONE,Time,0
Case_268,PASS,FAILING_POINTS,0,LARGEST_ERROR,7.32577e-011,SUPPORTED,TRUE,EXCEPTION_MSG,NONE,Time,0
Case_269,PASS,FAILING_POINTS,0,LARGEST_ERROR,1.00242e-010,SUPPORTED,TRUE,EXCEPTION_MSG,NONE,Time,0
Case_270,PASS,FAILING_POINTS,0,LARGEST_ERROR,1.46244e-007,SUPPORTED,TRUE,EXCEPTION_MSG,NONE,Time,0
Case_271,PASS,FAILING_POINTS,0,LARGEST_ERROR,1.59872e-014,SUPPORTED,TRUE,EXCEPTION_MSG,NONE,Time,0
Case_272,PASS,FAILING_POINTS,0,LARGEST_ERROR,2.39258e-007,SUPPORTED,TRUE,EXCEPTION_MSG,NONE,Time,0
Case_273,PASS,FAILING_POINTS,0,LARGEST_ERROR,7.76011e-008,SUPPORTED,TRUE,EXCEPTION_MSG,NONE,Time,0
Case_274,PASS,FAILING_POINTS,0,LARGEST_ERROR,6.53754e-008,SUPPORTED,TRUE,EXCEPTION_MSG,NONE,Time,0
Case_275,PASS,FAILING_POINTS,0,LARGEST_ERROR,4.88148e-007,SUPPORTED,TRUE,EXCEPTION_MSG,NONE,Time,0
Case_276,PASS,FAILING_POINTS,0,LARGEST_ERROR,6.73039e-007,SUPPORTED,TRUE,EXCEPTION_MSG,NONE,Time,0
Case_277,PASS,FAILING_POINTS,0,LARGEST_ERROR,2.39258e-007,SUPPORTED,TRUE,EXCEPTION_MSG,NONE,Time,0
Case_278,PASS,FAILING_POINTS,0,LARGEST_ERROR,6.59008e-007,SUPPORTED,TRUE,EXCEPTION_MSG,NONE,Time,0
Case_279,PASS,FAILING_POINTS,0,LARGEST_ERROR,1.23752e-007,SUPPORTED,TRUE,EXCEPTION_MSG,NONE,Time,0
Case_280,PASS,FAILING_POINTS,0,LARGEST_ERROR,1.36553e-008,SUPPORTED,TRUE,EXCEPTION_MSG,NONE,Time,0
Case_281,PASS,FAILING_POINTS,0,LARGEST_ERROR,7.90149e-012,SUPPORTED,TRUE,EXCEPTION_MSG,NONE,Time,0
Case_282,PASS,FAILING_POINTS,0,LARGEST_ERROR,5.57393e-012,SUPPORTED,TRUE,EXCEPTION_MSG,NONE,Time,0
Case_283,PASS,FAILING_POINTS,0,LARGEST_ERROR,8.8537e-012,SUPPORTED,TRUE,EXCEPTION_MSG,NONE,Time,0
Case_284,PASS,FAILING_POINTS,0,LARGEST_ERROR,6.49007e-010,SUPPORTED,TRUE,EXCEPTION_MSG,NONE,Time,0
Case_285,PASS,FAILING_POINTS,0,LARGEST_ERROR,7.63638e-012,SUPPORTED,TRUE,EXCEPTION_MSG,NONE,Time,1
Case_286,PASS,FAILING_POINTS,0,LARGEST_ERROR,3.79879e-009,SUPPORTED,TRUE,EXCEPTION_MSG,NONE,Time,0
Case_287,PASS,FAILING_POINTS,0,LARGEST_ERROR,1.31549e-008,SUPPORTED,TRUE,EXCEPTION_MSG,NONE,Time,0
Case_288,PASS,FAILING_POINTS,0,LARGEST_ERROR,1.83459e-008,SUPPORTED,TRUE,EXCEPTION_MSG,NONE,Time,0
Case_289,PASS,FAILING_POINTS,0,LARGEST_ERROR,5.55587e-009,SUPPORTED,TRUE,EXCEPTION_MSG,NONE,Time,0
Case_290,PASS,FAILING_POINTS,0,LARGEST_ERROR,3.94583e-009,SUPPORTED,TRUE,EXCEPTION_MSG,NONE,Time,1
Case_291,PASS,FAILING_POINTS,0,LARGEST_ERROR,1.95946e-008,SUPPORTED,TRUE,EXCEPTION_MSG,NONE,Time,0
Case_292,PASS,FAILING_POINTS,0,LARGEST_ERROR,1.80089e-008,SUPPORTED,TRUE,EXCEPTION_MSG,NONE,Time,0
Case_293,PASS,FAILING_POINTS,0,LARGEST_ERROR,2.24723e-008,SUPPORTED,TRUE,EXCEPTION_MSG,NONE,Time,0
Case_294,PASS,FAILING_POINTS,0,LARGEST_ERROR,1.78324e-008,SUPPORTED,TRUE,EXCEPTION_MSG,NONE,Time,0
Case_295,PASS,FAILING_POINTS,0,LARGEST_ERROR,9.44325e-009,SUPPORTED,TRUE,EXCEPTION_MSG,NONE,Time,0
Case_296,PASS,FAILING_POINTS,0,LARGEST_ERROR,8.67532e-012,SUPPORTED,TRUE,EXCEPTION_MSG,NONE,Time,0
Case_297,PASS,FAILING_POINTS,0,LARGEST_ERROR,8.46773e-011,SUPPORTED,TRUE,EXCEPTION_MSG,NONE,Time,0
Case_298,PASS,FAILING_POINTS,0,LARGEST_ERROR,8.88178e-016,SUPPORTED,TRUE,EXCEPTION_MSG,NONE,Time,0
Case_299,PASS,FAILING_POINTS,0,LARGEST_ERROR,7.03312e-012,SUPPORTED,TRUE,EXCEPTION_MSG,NONE,Time,0
Case_300,PASS,FAILING_POINTS,0,LARGEST_ERROR,1.08714e-011,SUPPORTED,TRUE,EXCEPTION_MSG,NONE,Time,1
Case_301,PASS,FAILING_POINTS,0,LARGEST_ERROR,9.22334e-012,SUPPORTED,TRUE,EXCEPTION_MSG,NONE,Time,0
Case_302,PASS,FAILING_POINTS,0,LARGEST_ERROR,1.38072e-011,SUPPORTED,TRUE,EXCEPTION_MSG,NONE,Time,0
Case_303,PASS,FAILING_POINTS,0,LARGEST_ERROR,8.88178e-016,SUPPORTED,TRUE,EXCEPTION_MSG,NONE,Time,0
Case_304,PASS,FAILING_POINTS,0,LARGEST_ERROR,8.88178e-016,SUPPORTED,TRUE,EXCEPTION_MSG,NONE,Time,1
Case_305,PASS,FAILING_POINTS,0,LARGEST_ERROR,8.59733e-011,SUPPORTED,TRUE,EXCEPTION_MSG,NONE,Time,0
Case_306,PASS,FAILING_POINTS,0,LARGEST_ERROR,9.34527e-012,SUPPORTED,TRUE,EXCEPTION_MSG,NONE,Time,1
Case_307,PASS,FAILING_POINTS,0,LARGEST_ERROR,6.63628e-012,SUPPORTED,TRUE,EXCEPTION_MSG,NONE,Time,0
Case_308,PASS,FAILING_POINTS,0,LARGEST_ERROR,6.64311e-012,SUPPORTED,TRUE,EXCEPTION_MSG,NONE,Time,0
Case_309,PASS,FAILING_POINTS,0,LARGEST_ERROR,3.50772e-010,SUPPORTED,TRUE,EXCEPTION_MSG,NONE,Time,0
Case_310,PASS,FAILING_POINTS,0,LARGEST_ERROR,1.08282e-007,SUPPORTED,TRUE,EXCEPTION_MSG,NONE,Time,0
Case_311,PASS,FAILING_POINTS,0,LARGEST_ERROR,1.40184e-007,SUPPORTED,TRUE,EXCEPTION_MSG,NONE,Time,0
Case_312,PASS,FAILING_POINTS,0,LARGEST_ERROR,1.38859e-007,SUPPORTED,TRUE,EXCEPTION_MSG,NONE,Time,0
Case_313,PASS,FAILING_POINTS,0,LARGEST_ERROR,2.90113e-007,SUPPORTED,TRUE,EXCEPTION_MSG,NONE,Time,0
Case_314,PASS,FAILING_POINTS,0,LARGEST_ERROR,1.76623e-007,SUPPORTED,TRUE,EXCEPTION_MSG,NONE,Time,0
Case_315,PASS,FAILING_POINTS,0,LARGEST_ERROR,1.83189e-008,SUPPORTED,TRUE,EXCEPTION_MSG,NONE,Time,0
Case_316,PASS,FAILING_POINTS,0,LARGEST_ERROR,3.1443e-007,SUPPORTED,TRUE,EXCEPTION_MSG,NONE,Time,0
Case_317,PASS,FAILING_POINTS,0,LARGEST_ERROR,3.09377e-007,SUPPORTED,TRUE,EXCEPTION_MSG,NONE,Time,0
Case_318,PASS,FAILING_POINTS,0,LARGEST_ERROR,3.09377e-007,SUPPORTED,TRUE,EXCEPTION_MSG,NONE,Time,0
Case_319,PASS,FAILING_POINTS,0,LARGEST_ERROR,4.97632e-006,SUPPORTED,TRUE,EXCEPTION_MSG,NONE,Time,0
Case_320,PASS,FAILING_POINTS,0,LARGEST_ERROR,4.70204e-006,SUPPORTED,TRUE,EXCEPTION_MSG,NONE,Time,0
Case_321,PASS,FAILING_POINTS,0,LARGEST_ERROR,4.9636e-006,SUPPORTED,TRUE,EXCEPTION_MSG,NONE,Time,0
Case_322,PASS,FAILING_POINTS,0,LARGEST_ERROR,2.2141e-010,SUPPORTED,TRUE,EXCEPTION_MSG,NONE,Time,0
Case_323,PASS,FAILING_POINTS,0,LARGEST_ERROR,2.59131e-011,SUPPORTED,TRUE,EXCEPTION_MSG,NONE,Time,1
Case_324,PASS,FAILING_POINTS,0,LARGEST_ERROR,2.06408e-010,SUPPORTED,TRUE,EXCEPTION_MSG,NONE,Time,0
Case_325,PASS,FAILING_POINTS,0,LARGEST_ERROR,4.92867e-006,SUPPORTED,TRUE,EXCEPTION_MSG,NONE,Time,1
Case_326,PASS,FAILING_POINTS,0,LARGEST_ERROR,4.86258e-006,SUPPORTED,TRUE,EXCEPTION_MSG,NONE,Time,0
Case_327,PASS,FAILING_POINTS,0,LARGEST_ERROR,4.8867e-006,SUPPORTED,TRUE,EXCEPTION_MSG,NONE,Time,0
Case_328,PASS,FAILING_POINTS,0,LARGEST_ERROR,3.51883e-007,SUPPORTED,TRUE,EXCEPTION_MSG,NONE,Time,0
Case_329,PASS,FAILING_POINTS,0,LARGEST_ERROR,1.0194e-007,SUPPORTED,TRUE,EXCEPTION_MSG,NONE,Time,0
Case_330,PASS,FAILING_POINTS,0,LARGEST_ERROR,1.93352e-009,SUPPORTED,TRUE,EXCEPTION_MSG,NONE,Time,0
Case_331,PASS,FAILING_POINTS,0,LARGEST_ERROR,3.02139e-009,SUPPORTED,TRUE,EXCEPTION_MSG,NONE,Time,0
Case_332,PASS,FAILING_POINTS,0,LARGEST_ERROR,5.98821e-012,SUPPORTED,TRUE,EXCEPTION_MSG,NONE,Time,0
Case_333,PASS,FAILING_POINTS,0,LARGEST_ERROR,4.85377e-008,SUPPORTED,TRUE,EXCEPTION_MSG,NONE,Time,0
Case_334,PASS,FAILING_POINTS,0,LARGEST_ERROR,6.56115e-012,SUPPORTED,TRUE,EXCEPTION_MSG,NONE,Time,0
Case_335,PASS,FAILING_POINTS,0,LARGEST_ERROR,8.88178e-016,SUPPORTED,TRUE,EXCEPTION_MSG,NONE,Time,0
Case_336,PASS,FAILING_POINTS,0,LARGEST_ERROR,1.2668e-009,SUPPORTED,TRUE,EXCEPTION_MSG,NONE,Time,0
Case_337,FAIL,FAILING_POINTS,51,LARGEST_ERROR,0.05,SUPPORTED,TRUE,EXCEPTION_MSG,NONE,Time,0
Case_338,PASS,FAILING_POINTS,0,LARGEST_ERROR,1.14045e-011,SUPPORTED,TRUE,EXCEPTION_MSG,NONE,Time,0
Case_339,PASS,FAILING_POINTS,0,LARGEST_ERROR,7.69241e-012,SUPPORTED,TRUE,EXCEPTION_MSG,NONE,Time,0
Case_340,FAIL,FAILING_POINTS,51,LARGEST_ERROR,5e-007,SUPPORTED,TRUE,EXCEPTION_MSG,NONE,Time,0
Case_341,FAIL,FAILING_POINTS,100,LARGEST_ERROR,3.41072e-007,SUPPORTED,TRUE,EXCEPTION_MSG,NONE,Time,0
Case_342,FAIL,FAILING_POINTS,51,LARGEST_ERROR,5e-007,SUPPORTED,TRUE,EXCEPTION_MSG,NONE,Time,0
Case_343,PASS,FAILING_POINTS,0,LARGEST_ERROR,1.77636e-015,SUPPORTED,TRUE,EXCEPTION_MSG,NONE,Time,0
Case_344,FAIL,FAILING_POINTS,51,LARGEST_ERROR,0.0025,SUPPORTED,TRUE,EXCEPTION_MSG,NONE,Time,0
Case_345,FAIL,FAILING_POINTS,51,LARGEST_ERROR,0.0025,SUPPORTED,TRUE,EXCEPTION_MSG,NONE,Time,0
Case_346,FAIL,FAILING_POINTS,48,LARGEST_ERROR,0.00432224,SUPPORTED,TRUE,EXCEPTION_MSG,NONE,Time,0
Case_347,FAIL,FAILING_POINTS,100,LARGEST_ERROR,0.0110827,SUPPORTED,TRUE,EXCEPTION_MSG,NONE,Time,0
Case_348,PASS,FAILING_POINTS,0,LARGEST_ERROR,3.20367e-008,SUPPORTED,TRUE,EXCEPTION_MSG,NONE,Time,0
Case_349,PASS,FAILING_POINTS,0,LARGEST_ERROR,1.35745e-007,SUPPORTED,TRUE,EXCEPTION_MSG,NONE,Time,0
Case_350,PASS,FAILING_POINTS,0,LARGEST_ERROR,5.93077e-008,SUPPORTED,TRUE,EXCEPTION_MSG,NONE,Time,0
Case_351,PASS,FAILING_POINTS,0,LARGEST_ERROR,7.15283e-011,SUPPORTED,TRUE,EXCEPTION_MSG,NONE,Time,0
Case_352,PASS,FAILING_POINTS,0,LARGEST_ERROR,6.74912e-010,SUPPORTED,TRUE,EXCEPTION_MSG,NONE,Time,0
Case_353,PASS,FAILING_POINTS,0,LARGEST_ERROR,6.67063e-009,SUPPORTED,TRUE,EXCEPTION_MSG,NONE,Time,0
Case_354,PASS,FAILING_POINTS,0,LARGEST_ERROR,9.95175e-009,SUPPORTED,TRUE,EXCEPTION_MSG,NONE,Time,0
Case_355,PASS,FAILING_POINTS,0,LARGEST_ERROR,1.6441e-008,SUPPORTED,TRUE,EXCEPTION_MSG,NONE,Time,0
Case_356,PASS,FAILING_POINTS,0,LARGEST_ERROR,4.57396e-008,SUPPORTED,TRUE,EXCEPTION_MSG,NONE,Time,0
Case_357,PASS,FAILING_POINTS,0,LARGEST_ERROR,4.53528e-008,SUPPORTED,TRUE,EXCEPTION_MSG,NONE,Time,1
Case_358,PASS,FAILING_POINTS,0,LARGEST_ERROR,1.53276e-007,SUPPORTED,TRUE,EXCEPTION_MSG,NONE,Time,0
Case_359,PASS,FAILING_POINTS,0,LARGEST_ERROR,1.18185e-007,SUPPORTED,TRUE,EXCEPTION_MSG,NONE,Time,0
Case_360,PASS,FAILING_POINTS,0,LARGEST_ERROR,2.82293e-008,SUPPORTED,TRUE,EXCEPTION_MSG,NONE,Time,0
Case_361,PASS,FAILING_POINTS,0,LARGEST_ERROR,1.23993e-008,SUPPORTED,TRUE,EXCEPTION_MSG,NONE,Time,0
Case_362,PASS,FAILING_POINTS,0,LARGEST_ERROR,3.26967e-008,SUPPORTED,TRUE,EXCEPTION_MSG,NONE,Time,0
Case_363,PASS,FAILING_POINTS,0,LARGEST_ERROR,1.1755e-008,SUPPORTED,TRUE,EXCEPTION_MSG,NONE,Time,0
Case_364,PASS,FAILING_POINTS,0,LARGEST_ERROR,1.1635e-008,SUPPORTED,TRUE,EXCEPTION_MSG,NONE,Time,0
Case_365,PASS,FAILING_POINTS,0,LARGEST_ERROR,1.08489e-008,SUPPORTED,TRUE,EXCEPTION_MSG,NONE,Time,0
Case_366,PASS,FAILING_POINTS,0,LARGEST_ERROR,1.98334e-008,SUPPORTED,TRUE,EXCEPTION_MSG,NONE,Time,0
Case_367,PASS,FAILING_POINTS,0,LARGEST_ERROR,1.64575e-008,SUPPORTED,TRUE,EXCEPTION_MSG,NONE,Time,0
Case_368,PASS,FAILING_POINTS,0,LARGEST_ERROR,1.70366e-008,SUPPORTED,TRUE,EXCEPTION_MSG,NONE,Time,0
Case_369,PASS,FAILING_POINTS,0,LARGEST_ERROR,3.44694e-008,SUPPORTED,TRUE,EXCEPTION_MSG,NONE,Time,0
Case_370,PASS,FAILING_POINTS,0,LARGEST_ERROR,2.69322e-007,SUPPORTED,TRUE,EXCEPTION_MSG,NONE,Time,0
Case_371,PASS,FAILING_POINTS,0,LARGEST_ERROR,1.4268e-007,SUPPORTED,TRUE,EXCEPTION_MSG,NONE,Time,0
Case_372,PASS,FAILING_POINTS,0,LARGEST_ERROR,5.68188e-011,SUPPORTED,TRUE,EXCEPTION_MSG,NONE,Time,0
Case_373,PASS,FAILING_POINTS,0,LARGEST_ERROR,2.95001e-008,SUPPORTED,TRUE,EXCEPTION_MSG,NONE,Time,0
Case_374
Case_375,PASS,FAILING_POINTS,0,LARGEST_ERROR,1.21753e-008,SUPPORTED,TRUE,EXCEPTION_MSG,NONE,Time,0
Case_376,PASS,FAILING_POINTS,0,LARGEST_ERROR,1.28928e-008,SUPPORTED,TRUE,EXCEPTION_MSG,NONE,Time,0
Case_377,PASS,FAILING_POINTS,0,LARGEST_ERROR,3.21159e-008,SUPPORTED,TRUE,EXCEPTION_MSG,NONE,Time,0
Case_378,PASS,FAILING_POINTS,0,LARGEST_ERROR,4.79335e-008,SUPPORTED,TRUE,EXCEPTION_MSG,NONE,Time,0
Case_379,PASS,FAILING_POINTS,0,LARGEST_ERROR,1.28928e-008,SUPPORTED,TRUE,EXCEPTION_MSG,NONE,Time,0
Case_380,PASS,FAILING_POINTS,0,LARGEST_ERROR,4.3133e-008,SUPPORTED,TRUE,EXCEPTION_MSG,NONE,Time,0
Case_381,PASS,FAILING_POINTS,0,LARGEST_ERROR,2.35071e-008,SUPPORTED,TRUE,EXCEPTION_MSG,NONE,Time,0
Case_382,PASS,FAILING_POINTS,0,LARGEST_ERROR,4.8455e-008,SUPPORTED,TRUE,EXCEPTION_MSG,NONE,Time,0
Case_383,PASS,FAILING_POINTS,0,LARGEST_ERROR,1.32807e-007,SUPPORTED,TRUE,EXCEPTION_MSG,NONE,Time,0
Case_384,PASS,FAILING_POINTS,0,LARGEST_ERROR,2.48164e-011,SUPPORTED,TRUE,EXCEPTION_MSG,NONE,Time,0
Case_385,PASS,FAILING_POINTS,0,LARGEST_ERROR,1.19831e-010,SUPPORTED,TRUE,EXCEPTION_MSG,NONE,Time,0
Case_386,PASS,FAILING_POINTS,0,LARGEST_ERROR,9.66835e-010,SUPPORTED,TRUE,EXCEPTION_MSG,NONE,Time,0
Case_387,PASS,FAILING_POINTS,0,LARGEST_ERROR,1.00419e-008,SUPPORTED,TRUE,EXCEPTION_MSG,NONE,Time,0
Case_388,PASS,FAILING_POINTS,0,LARGEST_ERROR,1.00419e-008,SUPPORTED,TRUE,EXCEPTION_MSG,NONE,Time,0
Case_389,PASS,FAILING_POINTS,0,LARGEST_ERROR,1.36969e-008,SUPPORTED,TRUE,EXCEPTION_MSG,NONE,Time,0
Case_390,PASS,FAILING_POINTS,0,LARGEST_ERROR,5.86224e-009,SUPPORTED,TRUE,EXCEPTION_MSG,NONE,Time,0
Case_391,PASS,FAILING_POINTS,0,LARGEST_ERROR,7.57333e-011,SUPPORTED,TRUE,EXCEPTION_MSG,NONE,Time,0
Case_392,PASS,FAILING_POINTS,0,LARGEST_ERROR,7.86076e-011,SUPPORTED,TRUE,EXCEPTION_MSG,NONE,Time,0
Case_393,PASS,FAILING_POINTS,0,LARGEST_ERROR,2.80725e-007,SUPPORTED,TRUE,EXCEPTION_MSG,NONE,Time,0
Case_394,PASS,FAILING_POINTS,0,LARGEST_ERROR,2.80725e-007,SUPPORTED,TRUE,EXCEPTION_MSG,NONE,Time,0
Case_395,PASS,FAILING_POINTS,0,LARGEST_ERROR,5.81361e-008,SUPPORTED,TRUE,EXCEPTION_MSG,NONE,Time,0
Case_396,PASS,FAILING_POINTS,0,LARGEST_ERROR,2.1095e-008,SUPPORTED,TRUE,EXCEPTION_MSG,NONE,Time,0
Case_397,PASS,FAILING_POINTS,0,LARGEST_ERROR,6.954e-008,SUPPORTED,TRUE,EXCEPTION_MSG,NONE,Time,0
Case_398,PASS,FAILING_POINTS,0,LARGEST_ERROR,5.93077e-008,SUPPORTED,TRUE,EXCEPTION_MSG,NONE,Time,0
Case_399,PASS,FAILING_POINTS,0,LARGEST_ERROR,1.84911e-008,SUPPORTED,TRUE,EXCEPTION_MSG,NONE,Time,0
Case_400,PASS,FAILING_POINTS,0,LARGEST_ERROR,5.78818e-008,SUPPORTED,TRUE,EXCEPTION_MSG,NONE,Time,0
Case_401,PASS,FAILING_POINTS,0,LARGEST_ERROR,1.50614e-007,SUPPORTED,TRUE,EXCEPTION_MSG,NONE,Time,0
Case_402,PASS,FAILING_POINTS,0,LARGEST_ERROR,1.84911e-008,SUPPORTED,TRUE,EXCEPTION_MSG,NONE,Time,0
Case_403,PASS,FAILING_POINTS,0,LARGEST_ERROR,5.78818e-008,SUPPORTED,TRUE,EXCEPTION_MSG,NONE,Time,0
Case_404,PASS,FAILING_POINTS,0,LARGEST_ERROR,1.50614e-007,SUPPORTED,TRUE,EXCEPTION_MSG,NONE,Time,0
Case_405,PASS,FAILING_POINTS,0,LARGEST_ERROR,1.17566e-008,SUPPORTED,TRUE,EXCEPTION_MSG,NONE,Time,0
Case_406,PASS,FAILING_POINTS,0,LARGEST_ERROR,5.07781e-008,SUPPORTED,TRUE,EXCEPTION_MSG,NONE,Time,0
Case_407,PASS,FAILING_POINTS,0,LARGEST_ERROR,6.95692e-008,SUPPORTED,TRUE,EXCEPTION_MSG,NONE,Time,0
Case_408,PASS,FAILING_POINTS,0,LARGEST_ERROR,5.18135e-010,SUPPORTED,TRUE,EXCEPTION_MSG,NONE,Time,0
Case_409,PASS,FAILING_POINTS,0,LARGEST_ERROR,8.47085e-007,SUPPORTED,TRUE,EXCEPTION_MSG,NONE,Time,0
Case_410,PASS,FAILING_POINTS,0,LARGEST_ERROR,5.81998e-006,SUPPORTED,TRUE,EXCEPTION_MSG,NONE,Time,1
Case_411,PASS,FAILING_POINTS,0,LARGEST_ERROR,1.53567e-008,SUPPORTED,TRUE,EXCEPTION_MSG,NONE,Time,0
Case_412,PASS,FAILING_POINTS,0,LARGEST_ERROR,1.53567e-008,SUPPORTED,TRUE,EXCEPTION_MSG,NONE,Time,0
Case_413,PASS,FAILING_POINTS,0,LARGEST_ERROR,2.66074e-008,SUPPORTED,TRUE,EXCEPTION_MSG,NONE,Time,0
Case_414,PASS,FAILING_POINTS,0,LARGEST_ERROR,2.35026e-008,SUPPORTED,TRUE,EXCEPTION_MSG,NONE,Time,0
Case_415,PASS,FAILING_POINTS,0,LARGEST_ERROR,1.6316e-007,SUPPORTED,TRUE,EXCEPTION_MSG,NONE,Time,0
Case_416,PASS,FAILING_POINTS,0,LARGEST_ERROR,1.53525e-008,SUPPORTED,TRUE,EXCEPTION_MSG,NONE,Time,0
Case_417,PASS,FAILING_POINTS,0,LARGEST_ERROR,8.2425e-009,SUPPORTED,TRUE,EXCEPTION_MSG,NONE,Time,0
Case_418,PASS,FAILING_POINTS,0,LARGEST_ERROR,1.03617e-008,SUPPORTED,TRUE,EXCEPTION_MSG,NONE,Time,0
Case_419,PASS,FAILING_POINTS,0,LARGEST_ERROR,2.51655e-008,SUPPORTED,TRUE,EXCEPTION_MSG,NONE,Time,0
Case_420,PASS,FAILING_POINTS,0,LARGEST_ERROR,1.52904e-008,SUPPORTED,TRUE,EXCEPTION_MSG,NONE,Time,0
Case_421,PASS,FAILING_POINTS,0,LARGEST_ERROR,1.26898e-008,SUPPORTED,TRUE,EXCEPTION_MSG,NONE,Time,0
Case_422,PASS,FAILING_POINTS,0,LARGEST_ERROR,1.30301e-008,SUPPORTED,TRUE,EXCEPTION_MSG,NONE,Time,0
Case_423,PASS,FAILING_POINTS,0,LARGEST_ERROR,1.53567e-008,SUPPORTED,TRUE,EXCEPTION_MSG,NONE,Time,0
Case_424,FAIL,FAILING_POINTS,45,LARGEST_ERROR,0.228598,SUPPORTED,TRUE,EXCEPTION_MSG,NONE,Time,0
Case_425,PASS,FAILING_POINTS,0,LARGEST_ERROR,1.01114e-008,SUPPORTED,TRUE,EXCEPTION_MSG,NONE,Time,0
Case_426,PASS,FAILING_POINTS,0,LARGEST_ERROR,6.28685e-005,SUPPORTED,TRUE,EXCEPTION_MSG,NONE,Time,0
Case_427,PASS,FAILING_POINTS,0,LARGEST_ERROR,0.000289252,SUPPORTED,TRUE,EXCEPTION_MSG,NONE,Time,0
Case_428,PASS,FAILING_POINTS,0,LARGEST_ERROR,5.73866e-006,SUPPORTED,TRUE,EXCEPTION_MSG,NONE,Time,0
Case_429,PASS,FAILING_POINTS,0,LARGEST_ERROR,1.08783e-006,SUPPORTED,TRUE,EXCEPTION_MSG,NONE,Time,0
Case_430,PASS,FAILING_POINTS,0,LARGEST_ERROR,4.08221e-007,SUPPORTED,TRUE,EXCEPTION_MSG,NONE,Time,0
Case_431,PASS,FAILING_POINTS,0,LARGEST_ERROR,1.57294e-005,SUPPORTED,TRUE,EXCEPTION_MSG,NONE,Time,0
Case_432,PASS,FAILING_POINTS,0,LARGEST_ERROR,2.8937e-008,SUPPORTED,TRUE,EXCEPTION_MSG,NONE,Time,0
Case_433,PASS,FAILING_POINTS,0,LARGEST_ERROR,8.38401e-009,SUPPORTED,TRUE,EXCEPTION_MSG,NONE,Time,0
Case_434,PASS,FAILING_POINTS,0,LARGEST_ERROR,1.12952e-008,SUPPORTED,TRUE,EXCEPTION_MSG,NONE,Time,0
Case_435,PASS,FAILING_POINTS,0,LARGEST_ERROR,2.15398e-008,SUPPORTED,TRUE,EXCEPTION_MSG,NONE,Time,0
Case_436,PASS,FAILING_POINTS,0,LARGEST_ERROR,8.72422e-009,SUPPORTED,TRUE,EXCEPTION_MSG,NONE,Time,0
Case_437,PASS,FAILING_POINTS,0,LARGEST_ERROR,3.67408e-008,SUPPORTED,TRUE,EXCEPTION_MSG,NONE,Time,0
Case_438,PASS,FAILING_POINTS,0,LARGEST_ERROR,5.20786e-008,SUPPORTED,TRUE,EXCEPTION_MSG,NONE,Time,0
Case_439,PASS,FAILING_POINTS,0,LARGEST_ERROR,1.03536e-007,SUPPORTED,TRUE,EXCEPTION_MSG,NONE,Time,0
Case_440,PASS,FAILING_POINTS,0,LARGEST_ERROR,5.82522e-008,SUPPORTED,TRUE,EXCEPTION_MSG,NONE,Time,0
Case_441,PASS,FAILING_POINTS,0,LARGEST_ERROR,7.67757e-009,SUPPORTED,TRUE,EXCEPTION_MSG,NONE,Time,0
Case_442,PASS,FAILING_POINTS,0,LARGEST_ERROR,1.28533e-011,SUPPORTED,TRUE,EXCEPTION_MSG,NONE,Time,0
Case_443,PASS,FAILING_POINTS,0,LARGEST_ERROR,3.59861e-010,SUPPORTED,TRUE,EXCEPTION_MSG,NONE,Time,0
Case_444,PASS,FAILING_POINTS,0,LARGEST_ERROR,3.42944e-008,SUPPORTED,TRUE,EXCEPTION_MSG,NONE,Time,0
Case_445,PASS,FAILING_POINTS,0,LARGEST_ERROR,1.83531e-008,SUPPORTED,TRUE,EXCEPTION_MSG,NONE,Time,0
Case_446,PASS,FAILING_POINTS,0,LARGEST_ERROR,1.23511e-008,SUPPORTED,TRUE,EXCEPTION_MSG,NONE,Time,0
Case_447,PASS,FAILING_POINTS,0,LARGEST_ERROR,1.72407e-009,SUPPORTED,TRUE,EXCEPTION_MSG,NONE,Time,0
Case_448,PASS,FAILING_POINTS,0,LARGEST_ERROR,1.38265e-008,SUPPORTED,TRUE,EXCEPTION_MSG,NONE,Time,0
Case_449,PASS,FAILING_POINTS,0,LARGEST_ERROR,9.55526e-012,SUPPORTED,TRUE,EXCEPTION_MSG,NONE,Time,0
Case_450,PASS,FAILING_POINTS,0,LARGEST_ERROR,3.48856e-007,SUPPORTED,TRUE,EXCEPTION_MSG,NONE,Time,0
Case_451,PASS,FAILING_POINTS,0,LARGEST_ERROR,2.10274e-007,SUPPORTED,TRUE,EXCEPTION_MSG,NONE,Time,0
Case_452,PASS,FAILING_POINTS,0,LARGEST_ERROR,1.2956e-007,SUPPORTED,TRUE,EXCEPTION_MSG,NONE,Time,0
Case_453,PASS,FAILING_POINTS,0,LARGEST_ERROR,1.17566e-008,SUPPORTED,TRUE,EXCEPTION_MSG,NONE,Time,0
Case_454,PASS,FAILING_POINTS,0,LARGEST_ERROR,3.3086e-008,SUPPORTED,TRUE,EXCEPTION_MSG,NONE,Time,0
Case_455,PASS,FAILING_POINTS,0,LARGEST_ERROR,5.41194e-008,SUPPORTED,TRUE,EXCEPTION_MSG,NONE,Time,0
Case_456,PASS,FAILING_POINTS,0,LARGEST_ERROR,0.000742802,SUPPORTED,TRUE,EXCEPTION_MSG,NONE,Time,0
Case_457,PASS,FAILING_POINTS,0,LARGEST_ERROR,1.68926e-005,SUPPORTED,TRUE,EXCEPTION_MSG,NONE,Time,0
Case_458,PASS,FAILING_POINTS,0,LARGEST_ERROR,3.22439e-005,SUPPORTED,TRUE,EXCEPTION_MSG,NONE,Time,0
Case_459,PASS,FAILING_POINTS,0,LARGEST_ERROR,0.000742802,SUPPORTED,TRUE,EXCEPTION_MSG,NONE,Time,0
Case_460,PASS,FAILING_POINTS,0,LARGEST_ERROR,1.68926e-005,SUPPORTED,TRUE,EXCEPTION_MSG,NONE,Time,0
Case_461,PASS,FAILING_POINTS,0,LARGEST_ERROR,3.22439e-005,SUPPORTED,TRUE,EXCEPTION_MSG,NONE,Time,0
Case_462,PASS,FAILING_POINTS,0,LARGEST_ERROR,9.11417e-012,SUPPORTED,TRUE,EXCEPTION_MSG,NONE,Time,0
Case_463,PASS,FAILING_POINTS,0,LARGEST_ERROR,5.19165e-009,SUPPORTED,TRUE,EXCEPTION_MSG,NONE,Time,0
Case_464,PASS,FAILING_POINTS,0,LARGEST_ERROR,8.88178e-016,SUPPORTED,TRUE,EXCEPTION_MSG,NONE,Time,0
Case_465,PASS,FAILING_POINTS,0,LARGEST_ERROR,1.62066e-010,SUPPORTED,TRUE,EXCEPTION_MSG,NONE,Time,0
Case_466,PASS,FAILING_POINTS,0,LARGEST_ERROR,6.96766e-012,SUPPORTED,TRUE,EXCEPTION_MSG,NONE,Time,0
Case_467,PASS,FAILING_POINTS,0,LARGEST_ERROR,6.91211e-010,SUPPORTED,TRUE,EXCEPTION_MSG,NONE,Time,0
Case_468,PASS,FAILING_POINTS,0,LARGEST_ERROR,1.12897e-011,SUPPORTED,TRUE,EXCEPTION_MSG,NONE,Time,0
Case_469,PASS,FAILING_POINTS,0,LARGEST_ERROR,4.99626e-006,SUPPORTED,TRUE,EXCEPTION_MSG,NONE,Time,0
Case_470,PASS,FAILING_POINTS,0,LARGEST_ERROR,4.99626e-006,SUPPORTED,TRUE,EXCEPTION_MSG,NONE,Time,0
Case_471,PASS,FAILING_POINTS,0,LARGEST_ERROR,4.99626e-006,SUPPORTED,TRUE,EXCEPTION_MSG,NONE,Time,0
Case_472,PASS,FAILING_POINTS,0,LARGEST_ERROR,4.99626e-006,SUPPORTED,TRUE,EXCEPTION_MSG,NONE,Time,0
Case_473,PASS,FAILING_POINTS,0,LARGEST_ERROR,4.99626e-006,SUPPORTED,TRUE,EXCEPTION_MSG,NONE,Time,0
Case_474,PASS,FAILING_POINTS,0,LARGEST_ERROR,1.96015e-010,SUPPORTED,TRUE,EXCEPTION_MSG,NONE,Time,0
Case_475,PASS,FAILING_POINTS,0,LARGEST_ERROR,4.83136e-012,SUPPORTED,TRUE,EXCEPTION_MSG,NONE,Time,0
Case_476,PASS,FAILING_POINTS,0,LARGEST_ERROR,1.00079e-009,SUPPORTED,TRUE,EXCEPTION_MSG,NONE,Time,0
Case_477,PASS,FAILING_POINTS,0,LARGEST_ERROR,3.58121e-011,SUPPORTED,TRUE,EXCEPTION_MSG,NONE,Time,0
Case_478,PASS,FAILING_POINTS,0,LARGEST_ERROR,1.62066e-010,SUPPORTED,TRUE,EXCEPTION_MSG,NONE,Time,0
Case_479,PASS,FAILING_POINTS,0,LARGEST_ERROR,7.56287e-012,SUPPORTED,TRUE,EXCEPTION_MSG,NONE,Time,0
Case_480,PASS,FAILING_POINTS,0,LARGEST_ERROR,1.22276e-009,SUPPORTED,TRUE,EXCEPTION_MSG,NONE,Time,0
Case_481,PASS,FAILING_POINTS,0,LARGEST_ERROR,3.58121e-011,SUPPORTED,TRUE,EXCEPTION_MSG,NONE,Time,0
Case_482,PASS,FAILING_POINTS,0,LARGEST_ERROR,1.62066e-010,SUPPORTED,TRUE,EXCEPTION_MSG,NONE,Time,0
Case_483,PASS,FAILING_POINTS,0,LARGEST_ERROR,9.20718e-012,SUPPORTED,TRUE,EXCEPTION_MSG,NONE,Time,0
Case_484,PASS,FAILING_POINTS,0,LARGEST_ERROR,7.14611e-010,SUPPORTED,TRUE,EXCEPTION_MSG,NONE,Time,0
Case_485,PASS,FAILING_POINTS,0,LARGEST_ERROR,2.87275e-011,SUPPORTED,TRUE,EXCEPTION_MSG,NONE,Time,0
Case_486,PASS,FAILING_POINTS,0,LARGEST_ERROR,1.34961e-008,SUPPORTED,TRUE,EXCEPTION_MSG,NONE,Time,0
Case_487,PASS,FAILING_POINTS,0,LARGEST_ERROR,1.34961e-008,SUPPORTED,TRUE,EXCEPTION_MSG,NONE,Time,0
Case_488,PASS,FAILING_POINTS,0,LARGEST_ERROR,1.34961e-008,SUPPORTED,TRUE,EXCEPTION_MSG,NONE,Time,0
Case_489,PASS,FAILING_POINTS,0,LARGEST_ERROR,1.96015e-010,SUPPORTED,TRUE,EXCEPTION_MSG,NONE,Time,0
Case_490,PASS,FAILING_POINTS,0,LARGEST_ERROR,4.83136e-012,SUPPORTED,TRUE,EXCEPTION_MSG,NONE,Time,0
Case_491,PASS,FAILING_POINTS,0,LARGEST_ERROR,1.00079e-009,SUPPORTED,TRUE,EXCEPTION_MSG,NONE,Time,0
Case_492,PASS,FAILING_POINTS,0,LARGEST_ERROR,1.80814e-007,SUPPORTED,TRUE,EXCEPTION_MSG,NONE,Time,0
Case_493,PASS,FAILING_POINTS,0,LARGEST_ERROR,1.1411e-008,SUPPORTED,TRUE,EXCEPTION_MSG,NONE,Time,0
Case_494,PASS,FAILING_POINTS,0,LARGEST_ERROR,1.80814e-007,SUPPORTED,TRUE,EXCEPTION_MSG,NONE,Time,0
Case_495,PASS,FAILING_POINTS,0,LARGEST_ERROR,8.04592e-012,SUPPORTED,TRUE,EXCEPTION_MSG,NONE,Time,0
Case_496,PASS,FAILING_POINTS,0,LARGEST_ERROR,2.09093e-009,SUPPORTED,TRUE,EXCEPTION_MSG,NONE,Time,0
Case_497,PASS,FAILING_POINTS,0,LARGEST_ERROR,4.46146e-011,SUPPORTED,TRUE,EXCEPTION_MSG,NONE,Time,0
Case_498,PASS,FAILING_POINTS,0,LARGEST_ERROR,5.68434e-014,SUPPORTED,TRUE,EXCEPTION_MSG,NONE,Time,0
Case_499,PASS,FAILING_POINTS,0,LARGEST_ERROR,5.68434e-014,SUPPORTED,TRUE,EXCEPTION_MSG,NONE,Time,0
Case_500,PASS,FAILING_POINTS,0,LARGEST_ERROR,5.68434e-014,SUPPORTED,TRUE,EXCEPTION_MSG,NONE,Time,0
Case_501,PASS,FAILING_POINTS,0,LARGEST_ERROR,7.13849e-011,SUPPORTED,TRUE,EXCEPTION_MSG,NONE,Time,0
Case_502,PASS,FAILING_POINTS,0,LARGEST_ERROR,6.26652e-010,SUPPORTED,TRUE,EXCEPTION_MSG,NONE,Time,0
Case_503,PASS,FAILING_POINTS,0,LARGEST_ERROR,8.80133e-012,SUPPORTED,TRUE,EXCEPTION_MSG,NONE,Time,0
Case_504,PASS,FAILING_POINTS,0,LARGEST_ERROR,2.26373e-009,SUPPORTED,TRUE,EXCEPTION_MSG,NONE,Time,0
Case_505,PASS,FAILING_POINTS,0,LARGEST_ERROR,3.0504e-011,SUPPORTED,TRUE,EXCEPTION_MSG,NONE,Time,0
Case_506,PASS,FAILING_POINTS,0,LARGEST_ERROR,1.81449e-010,SUPPORTED,TRUE,EXCEPTION_MSG,NONE,Time,0
Case_507,PASS,FAILING_POINTS,0,LARGEST_ERROR,8.03544e-008,SUPPORTED,TRUE,EXCEPTION_MSG,NONE,Time,0
Case_508,PASS,FAILING_POINTS,0,LARGEST_ERROR,8.03544e-008,SUPPORTED,TRUE,EXCEPTION_MSG,NONE,Time,0
Case_509,PASS,FAILING_POINTS,0,LARGEST_ERROR,8.03544e-008,SUPPORTED,TRUE,EXCEPTION_MSG,NONE,Time,0
Case_510,PASS,FAILING_POINTS,0,LARGEST_ERROR,4.95463e-006,SUPPORTED,TRUE,EXCEPTION_MSG,NONE,Time,0
Case_511,PASS,FAILING_POINTS,0,LARGEST_ERROR,4.95463e-006,SUPPORTED,TRUE,EXCEPTION_MSG,NONE,Time,0
Case_512,PASS,FAILING_POINTS,0,LARGEST_ERROR,4.95463e-006,SUPPORTED,TRUE,EXCEPTION_MSG,NONE,Time,0
Case_513,PASS,FAILING_POINTS,0,LARGEST_ERROR,7.6501e-012,SUPPORTED,TRUE,EXCEPTION_MSG,NONE,Time,0
Case_514,PASS,FAILING_POINTS,0,LARGEST_ERROR,1.43905e-008,SUPPORTED,TRUE,EXCEPTION_MSG,NONE,Time,0
Case_515,PASS,FAILING_POINTS,0,LARGEST_ERROR,2.87444e-011,SUPPORTED,TRUE,EXCEPTION_MSG,NONE,Time,0
Case_516,PASS,FAILING_POINTS,0,LARGEST_ERROR,4.96046e-006,SUPPORTED,TRUE,EXCEPTION_MSG,NONE,Time,0
Case_517,PASS,FAILING_POINTS,0,LARGEST_ERROR,4.96046e-006,SUPPORTED,TRUE,EXCEPTION_MSG,NONE,Time,0
Case_518,PASS,FAILING_POINTS,0,LARGEST_ERROR,4.96046e-006,SUPPORTED,TRUE,EXCEPTION_MSG,NONE,Time,0
Case_519,PASS,FAILING_POINTS,0,LARGEST_ERROR,2.60647e-010,SUPPORTED,TRUE,EXCEPTION_MSG,NONE,Time,0
Case_520,PASS,FAILING_POINTS,0,LARGEST_ERROR,4.70884e-012,SUPPORTED,TRUE,EXCEPTION_MSG,NONE,Time,0
Case_521,PASS,FAILING_POINTS,0,LARGEST_ERROR,1.29832e-009,SUPPORTED,TRUE,EXCEPTION_MSG,NONE,Time,0
Case_522,PASS,FAILING_POINTS,0,LARGEST_ERROR,3.11501e-011,SUPPORTED,TRUE,EXCEPTION_MSG,NONE,Time,0
Case_523,PASS,FAILING_POINTS,0,LARGEST_ERROR,1.96015e-010,SUPPORTED,TRUE,EXCEPTION_MSG,NONE,Time,0
Case_524,PASS,FAILING_POINTS,0,LARGEST_ERROR,4.83136e-012,SUPPORTED,TRUE,EXCEPTION_MSG,NONE,Time,0
Case_525,PASS,FAILING_POINTS,0,LARGEST_ERROR,1.8296e-008,SUPPORTED,TRUE,EXCEPTION_MSG,NONE,Time,0
Case_526,PASS,FAILING_POINTS,0,LARGEST_ERROR,1.8296e-008,SUPPORTED,TRUE,EXCEPTION_MSG,NONE,Time,0
Case_527,PASS,FAILING_POINTS,0,LARGEST_ERROR,1.8296e-008,SUPPORTED,TRUE,EXCEPTION_MSG,NONE,Time,0
Case_528,PASS,FAILING_POINTS,0,LARGEST_ERROR,1.8296e-008,SUPPORTED,TRUE,EXCEPTION_MSG,NONE,Time,0
Case_529,PASS,FAILING_POINTS,0,LARGEST_ERROR,2.50676e-011,SUPPORTED,TRUE,EXCEPTION_MSG,NONE,Time,0
Case_530,PASS,FAILING_POINTS,0,LARGEST_ERROR,4.99626e-006,SUPPORTED,TRUE,EXCEPTION_MSG,NONE,Time,0
Case_531,FAIL,FAILING_POINTS,0,LARGEST_ERROR,1,SUPPORTED,FALSE,EXCEPTION_MSG,NOT_SUPPORTED,Time,0
Case_532,PASS,FAILING_POINTS,0,LARGEST_ERROR,7.42186e-009,SUPPORTED,TRUE,EXCEPTION_MSG,NONE,Time,0
Case_533,FAIL,FAILING_POINTS,0,LARGEST_ERROR,1,SUPPORTED,FALSE,EXCEPTION_MSG,NOT_SUPPORTED,Time,0
Case_534,FAIL,FAILING_POINTS,0,LARGEST_ERROR,1,SUPPORTED,FALSE,EXCEPTION_MSG,NOT_SUPPORTED,Time,0
Case_535,FAIL,FAILING_POINTS,0,LARGEST_ERROR,1,SUPPORTED,FALSE,EXCEPTION_MSG,NOT_SUPPORTED,Time,0
Case_536,FAIL,FAILING_POINTS,0,LARGEST_ERROR,1,SUPPORTED,FALSE,EXCEPTION_MSG,NOT_SUPPORTED,Time,0
Case_537,FAIL,FAILING_POINTS,0,LARGEST_ERROR,1,SUPPORTED,FALSE,EXCEPTION_MSG,NOT_SUPPORTED,Time,0
Case_538,FAIL,FAILING_POINTS,0,LARGEST_ERROR,1,SUPPORTED,FALSE,EXCEPTION_MSG,NOT_SUPPORTED,Time,0
Case_539,PASS,FAILING_POINTS,0,LARGEST_ERROR,2.90701e-008,SUPPORTED,TRUE,EXCEPTION_MSG,NONE,Time,0
Case_540,PASS,FAILING_POINTS,0,LARGEST_ERROR,2.50917e-011,SUPPORTED,TRUE,EXCEPTION_MSG,NONE,Time,0
Case_541,PASS,FAILING_POINTS,0,LARGEST_ERROR,2.97669e-008,SUPPORTED,TRUE,EXCEPTION_MSG,NONE,Time,0
Case_542,PASS,FAILING_POINTS,0,LARGEST_ERROR,3.34287e-008,SUPPORTED,TRUE,EXCEPTION_MSG,NONE,Time,0
Case_543,FAIL,FAILING_POINTS,0,LARGEST_ERROR,1,SUPPORTED,FALSE,EXCEPTION_MSG,NOT_SUPPORTED,Time,0
Case_544,PASS,FAILING_POINTS,0,LARGEST_ERROR,7.14535e-010,SUPPORTED,TRUE,EXCEPTION_MSG,NONE,Time,0
Case_545,PASS,FAILING_POINTS,0,LARGEST_ERROR,9.61399e-011,SUPPORTED,TRUE,EXCEPTION_MSG,NONE,Time,0
Case_546,FAIL,FAILING_POINTS,0,LARGEST_ERROR,1,SUPPORTED,FALSE,EXCEPTION_MSG,NOT_SUPPORTED,Time,0
Case_547,PASS,FAILING_POINTS,0,LARGEST_ERROR,2.13623e-008,SUPPORTED,TRUE,EXCEPTION_MSG,NONE,Time,0
Case_548,FAIL,FAILING_POINTS,0,LARGEST_ERROR,1,SUPPORTED,FALSE,EXCEPTION_MSG,NOT_SUPPORTED,Time,0
Case_549,FAIL,FAILING_POINTS,0,LARGEST_ERROR,1,SUPPORTED,FALSE,EXCEPTION_MSG,NOT_SUPPORTED,Time,0
Case_550,FAIL,FAILING_POINTS,0,LARGEST_ERROR,1,SUPPORTED,FALSE,EXCEPTION_MSG,NOT_SUPPORTED,Time,0
Case_551,FAIL,FAILING_POINTS,0,LARGEST_ERROR,1,SUPPORTED,FALSE,EXCEPTION_MSG,NOT_SUPPORTED,Time,0
Case_552,FAIL,FAILING_POINTS,0,LARGEST_ERROR,1,SUPPORTED,FALSE,EXCEPTION_MSG,NOT_SUPPORTED,Time,0
Case_553,FAIL,FAILING_POINTS,0,LARGEST_ERROR,1,SUPPORTED,FALSE,EXCEPTION_MSG,NOT_SUPPORTED,Time,0
Case_554,FAIL,FAILING_POINTS,0,LARGEST_ERROR,1,SUPPORTED,FALSE,EXCEPTION_MSG,NOT_SUPPORTED,Time,0
Case_555,FAIL,FAILING_POINTS,0,LARGEST_ERROR,1,SUPPORTED,FALSE,EXCEPTION_MSG,NOT_SUPPORTED,Time,0
Case_556,FAIL,FAILING_POINTS,0,LARGEST_ERROR,1,SUPPORTED,FALSE,EXCEPTION_MSG,NOT_SUPPORTED,Time,0
Case_557,FAIL,FAILING_POINTS,0,LARGEST_ERROR,1,SUPPORTED,FALSE,EXCEPTION_MSG,NOT_SUPPORTED,Time,0
Case_558,FAIL,FAILING_POINTS,0,LARGEST_ERROR,1,SUPPORTED,FALSE,EXCEPTION_MSG,NOT_SUPPORTED,Time,0
Case_559,FAIL,FAILING_POINTS,0,LARGEST_ERROR,1,SUPPORTED,FALSE,EXCEPTION_MSG,NOT_SUPPORTED,Time,0
Case_560,FAIL,FAILING_POINTS,0,LARGEST_ERROR,1,SUPPORTED,FALSE,EXCEPTION_MSG,NOT_SUPPORTED,Time,0
Case_561,FAIL,FAILING_POINTS,0,LARGEST_ERROR,1,SUPPORTED,FALSE,EXCEPTION_MSG,NOT_SUPPORTED,Time,0
Case_562,FAIL,FAILING_POINTS,0,LARGEST_ERROR,1,SUPPORTED,FALSE,EXCEPTION_MSG,NOT_SUPPORTED,Time,0
Case_563,FAIL,FAILING_POINTS,0,LARGEST_ERROR,1,SUPPORTED,FALSE,EXCEPTION_MSG,NOT_SUPPORTED,Time,0
Case_564,FAIL,FAILING_POINTS,0,LARGEST_ERROR,1,SUPPORTED,FALSE,EXCEPTION_MSG,NOT_SUPPORTED,Time,0
Case_565,FAIL,FAILING_POINTS,0,LARGEST_ERROR,1,SUPPORTED,FALSE,EXCEPTION_MSG,NOT_SUPPORTED,Time,0
Case_566,FAIL,FAILING_POINTS,0,LARGEST_ERROR,1,SUPPORTED,FALSE,EXCEPTION_MSG,NOT_SUPPORTED,Time,0
Case_567,FAIL,FAILING_POINTS,0,LARGEST_ERROR,1,SUPPORTED,FALSE,EXCEPTION_MSG,NOT_SUPPORTED,Time,0
Case_568,PASS,FAILING_POINTS,0,LARGEST_ERROR,7.42186e-009,SUPPORTED,TRUE,EXCEPTION_MSG,NONE,Time,0
Case_569,FAIL,FAILING_POINTS,0,LARGEST_ERROR,1,SUPPORTED,FALSE,EXCEPTION_MSG,NOT_SUPPORTED,Time,0
Case_570,FAIL,FAILING_POINTS,0,LARGEST_ERROR,1,SUPPORTED,FALSE,EXCEPTION_MSG,NOT_SUPPORTED,Time,0
Case_571,FAIL,FAILING_POINTS,0,LARGEST_ERROR,1,SUPPORTED,FALSE,EXCEPTION_MSG,NOT_SUPPORTED,Time,0
Case_572,PASS,FAILING_POINTS,0,LARGEST_ERROR,7.42186e-009,SUPPORTED,TRUE,EXCEPTION_MSG,NONE,Time,0
Case_573,FAIL,FAILING_POINTS,0,LARGEST_ERROR,1,SUPPORTED,FALSE,EXCEPTION_MSG,NOT_SUPPORTED,Time,0
Case_574,PASS,FAILING_POINTS,0,LARGEST_ERROR,7.45122e-009,SUPPORTED,TRUE,EXCEPTION_MSG,NONE,Time,0
Case_575,FAIL,FAILING_POINTS,0,LARGEST_ERROR,1,SUPPORTED,FALSE,EXCEPTION_MSG,NOT_SUPPORTED,Time,0
Case_576,FAIL,FAILING_POINTS,0,LARGEST_ERROR,1,SUPPORTED,FALSE,EXCEPTION_MSG,NOT_SUPPORTED,Time,0
Case_577,PASS,FAILING_POINTS,0,LARGEST_ERROR,2.3491e-009,SUPPORTED,TRUE,EXCEPTION_MSG,NONE,Time,0
Case_578,PASS,FAILING_POINTS,0,LARGEST_ERROR,7.77409e-010,SUPPORTED,TRUE,EXCEPTION_MSG,NONE,Time,0
Case_579,PASS,FAILING_POINTS,0,LARGEST_ERROR,8.88178e-016,SUPPORTED,TRUE,EXCEPTION_MSG,NONE,Time,0
Case_580,PASS,FAILING_POINTS,0,LARGEST_ERROR,3.11033e-011,SUPPORTED,TRUE,EXCEPTION_MSG,NONE,Time,0
Case_581,PASS,FAILING_POINTS,0,LARGEST_ERROR,8.81316e-010,SUPPORTED,TRUE,EXCEPTION_MSG,NONE,Time,0
Case_582,PASS,FAILING_POINTS,0,LARGEST_ERROR,8.89494e-011,SUPPORTED,TRUE,EXCEPTION_MSG,NONE,Time,0
Case_583,PASS,FAILING_POINTS,0,LARGEST_ERROR,3.73582e-011,SUPPORTED,TRUE,EXCEPTION_MSG,NONE,Time,0
Case_584,PASS,FAILING_POINTS,0,LARGEST_ERROR,1.31997e-011,SUPPORTED,TRUE,EXCEPTION_MSG,NONE,Time,0
Case_585,PASS,FAILING_POINTS,0,LARGEST_ERROR,1.83315e-010,SUPPORTED,TRUE,EXCEPTION_MSG,NONE,Time,0
Case_586,PASS,FAILING_POINTS,0,LARGEST_ERROR,4.02225e-008,SUPPORTED,TRUE,EXCEPTION_MSG,NONE,Time,0
Case_587,PASS,FAILING_POINTS,0,LARGEST_ERROR,2.04503e-011,SUPPORTED,TRUE,EXCEPTION_MSG,NONE,Time,0
Case_588,PASS,FAILING_POINTS,0,LARGEST_ERROR,1.59152e-008,SUPPORTED,TRUE,EXCEPTION_MSG,NONE,Time,0
Case_589,PASS,FAILING_POINTS,0,LARGEST_ERROR,4.08103e-010,SUPPORTED,TRUE,EXCEPTION_MSG,NONE,Time,0
Case_590,PASS,FAILING_POINTS,0,LARGEST_ERROR,7.56287e-012,SUPPORTED,TRUE,EXCEPTION_MSG,NONE,Time,0
Case_591,PASS,FAILING_POINTS,0,LARGEST_ERROR,1.4431e-011,SUPPORTED,TRUE,EXCEPTION_MSG,NONE,Time,0
Case_592,PASS,FAILING_POINTS,0,LARGEST_ERROR,2.95477e-009,SUPPORTED,TRUE,EXCEPTION_MSG,NONE,Time,0
Case_593,PASS,FAILING_POINTS,0,LARGEST_ERROR,1.37771e-010,SUPPORTED,TRUE,EXCEPTION_MSG,NONE,Time,0
Case_594,PASS,FAILING_POINTS,0,LARGEST_ERROR,6.96766e-012,SUPPORTED,TRUE,EXCEPTION_MSG,NONE,Time,0
Case_595,PASS,FAILING_POINTS,0,LARGEST_ERROR,1.42264e-011,SUPPORTED,TRUE,EXCEPTION_MSG,NONE,Time,0
Case_596,PASS,FAILING_POINTS,0,LARGEST_ERROR,7.57481e-010,SUPPORTED,TRUE,EXCEPTION_MSG,NONE,Time,0
Case_597,PASS,FAILING_POINTS,0,LARGEST_ERROR,1.01076e-009,SUPPORTED,TRUE,EXCEPTION_MSG,NONE,Time,0
Case_598,PASS,FAILING_POINTS,0,LARGEST_ERROR,4.89649e-006,SUPPORTED,TRUE,EXCEPTION_MSG,NONE,Time,0
Case_599,PASS,FAILING_POINTS,0,LARGEST_ERROR,8.73554e-009,SUPPORTED,TRUE,EXCEPTION_MSG,NONE,Time,0
Case_600,PASS,FAILING_POINTS,0,LARGEST_ERROR,5.88571e-012,SUPPORTED,TRUE,EXCEPTION_MSG,NONE,Time,0
Case_601,PASS,FAILING_POINTS,0,LARGEST_ERROR,4.887e-006,SUPPORTED,TRUE,EXCEPTION_MSG,NONE,Time,0
Case_602,PASS,FAILING_POINTS,0,LARGEST_ERROR,1.191e-010,SUPPORTED,TRUE,EXCEPTION_MSG,NONE,Time,0
Case_603,PASS,FAILING_POINTS,0,LARGEST_ERROR,1.59152e-008,SUPPORTED,TRUE,EXCEPTION_MSG,NONE,Time,0
Case_604,PASS,FAILING_POINTS,0,LARGEST_ERROR,3.08301e-011,SUPPORTED,TRUE,EXCEPTION_MSG,NONE,Time,0
Case_605,PASS,FAILING_POINTS,0,LARGEST_ERROR,1.48244e-009,SUPPORTED,TRUE,EXCEPTION_MSG,NONE,Time,0
Case_606,PASS,FAILING_POINTS,0,LARGEST_ERROR,1.05691e-011,SUPPORTED,TRUE,EXCEPTION_MSG,NONE,Time,0
Case_607,PASS,FAILING_POINTS,0,LARGEST_ERROR,7.48282e-011,SUPPORTED,TRUE,EXCEPTION_MSG,NONE,Time,0
Case_608,PASS,FAILING_POINTS,0,LARGEST_ERROR,2.17982e-008,SUPPORTED,TRUE,EXCEPTION_MSG,NONE,Time,0
Case_609,PASS,FAILING_POINTS,0,LARGEST_ERROR,2.16493e-011,SUPPORTED,TRUE,EXCEPTION_MSG,NONE,Time,0
Case_610,PASS,FAILING_POINTS,0,LARGEST_ERROR,1.02282e-011,SUPPORTED,TRUE,EXCEPTION_MSG,NONE,Time,0
Case_611,PASS,FAILING_POINTS,0,LARGEST_ERROR,2.00884e-008,SUPPORTED,TRUE,EXCEPTION_MSG,NONE,Time,0
Case_612,PASS,FAILING_POINTS,0,LARGEST_ERROR,8.41839e-012,SUPPORTED,TRUE,EXCEPTION_MSG,NONE,Time,0
Case_613,FAIL,FAILING_POINTS,0,LARGEST_ERROR,1,SUPPORTED,FALSE,EXCEPTION_MSG,NOT_SUPPORTED,Time,0
Case_614,FAIL,FAILING_POINTS,0,LARGEST_ERROR,1,SUPPORTED,FALSE,EXCEPTION_MSG,NOT_SUPPORTED,Time,0
Case_615,FAIL,FAILING_POINTS,0,LARGEST_ERROR,1,SUPPORTED,FALSE,EXCEPTION_MSG,NOT_SUPPORTED,Time,0
Case_616,PASS,FAILING_POINTS,0,LARGEST_ERROR,7.80998e-009,SUPPORTED,TRUE,EXCEPTION_MSG,NONE,Time,0
Case_617,PASS,FAILING_POINTS,0,LARGEST_ERROR,7.81194e-009,SUPPORTED,TRUE,EXCEPTION_MSG,NONE,Time,0
Case_618,PASS,FAILING_POINTS,0,LARGEST_ERROR,8.15036e-010,SUPPORTED,TRUE,EXCEPTION_MSG,NONE,Time,0
Case_619,PASS,FAILING_POINTS,0,LARGEST_ERROR,2.80438e-008,SUPPORTED,TRUE,EXCEPTION_MSG,NONE,Time,0
Case_620,PASS,FAILING_POINTS,0,LARGEST_ERROR,7.30587e-008,SUPPORTED,TRUE,EXCEPTION_MSG,NONE,Time,0
Case_621,PASS,FAILING_POINTS,0,LARGEST_ERROR,7.39533e-008,SUPPORTED,TRUE,EXCEPTION_MSG,NONE,Time,0
Case_622,PASS,FAILING_POINTS,0,LARGEST_ERROR,1.65842e-008,SUPPORTED,TRUE,EXCEPTION_MSG,NONE,Time,0
Case_623,PASS,FAILING_POINTS,0,LARGEST_ERROR,7.26532e-008,SUPPORTED,TRUE,EXCEPTION_MSG,NONE,Time,0
Case_624,PASS,FAILING_POINTS,0,LARGEST_ERROR,7.12817e-008,SUPPORTED,TRUE,EXCEPTION_MSG,NONE,Time,0
Case_625,PASS,FAILING_POINTS,0,LARGEST_ERROR,1.32143e-011,SUPPORTED,TRUE,EXCEPTION_MSG,NONE,Time,0
Case_626,PASS,FAILING_POINTS,0,LARGEST_ERROR,1.32143e-011,SUPPORTED,TRUE,EXCEPTION_MSG,NONE,Time,0
Case_627,PASS,FAILING_POINTS,0,LARGEST_ERROR,1.32143e-011,SUPPORTED,TRUE,EXCEPTION_MSG,NONE,Time,0
Case_628,FAIL,FAILING_POINTS,0,LARGEST_ERROR,1,SUPPORTED,FALSE,EXCEPTION_MSG,NOT_SUPPORTED,Time,0
Case_629,FAIL,FAILING_POINTS,0,LARGEST_ERROR,1,SUPPORTED,FALSE,EXCEPTION_MSG,NOT_SUPPORTED,Time,0
Case_630,FAIL,FAILING_POINTS,0,LARGEST_ERROR,1,SUPPORTED,FALSE,EXCEPTION_MSG,NOT_SUPPORTED,Time,0
Case_631,PASS,FAILING_POINTS,0,LARGEST_ERROR,7.80998e-009,SUPPORTED,TRUE,EXCEPTION_MSG,NONE,Time,0
Case_632,PASS,FAILING_POINTS,0,LARGEST_ERROR,7.81194e-009,SUPPORTED,TRUE,EXCEPTION_MSG,NONE,Time,0
Case_633,PASS,FAILING_POINTS,0,LARGEST_ERROR,8.15036e-010,SUPPORTED,TRUE,EXCEPTION_MSG,NONE,Time,0
Case_634,PASS,FAILING_POINTS,0,LARGEST_ERROR,2.80438e-008,SUPPORTED,TRUE,EXCEPTION_MSG,NONE,Time,0
Case_635,PASS,FAILING_POINTS,0,LARGEST_ERROR,2.80438e-008,SUPPORTED,TRUE,EXCEPTION_MSG,NONE,Time,0
Case_636,PASS,FAILING_POINTS,0,LARGEST_ERROR,7.39533e-008,SUPPORTED,TRUE,EXCEPTION_MSG,NONE,Time,0
Case_637,PASS,FAILING_POINTS,0,LARGEST_ERROR,1.65842e-008,SUPPORTED,TRUE,EXCEPTION_MSG,NONE,Time,0
Case_638,PASS,FAILING_POINTS,0,LARGEST_ERROR,7.26532e-008,SUPPORTED,TRUE,EXCEPTION_MSG,NONE,Time,0
Case_639,PASS,FAILING_POINTS,0,LARGEST_ERROR,7.12817e-008,SUPPORTED,TRUE,EXCEPTION_MSG,NONE,Time,0
Case_640,PASS,FAILING_POINTS,0,LARGEST_ERROR,4.89014e-006,SUPPORTED,TRUE,EXCEPTION_MSG,NONE,Time,0
Case_641,PASS,FAILING_POINTS,0,LARGEST_ERROR,4.94197e-006,SUPPORTED,TRUE,EXCEPTION_MSG,NONE,Time,0
Case_642,PASS,FAILING_POINTS,0,LARGEST_ERROR,4.88905e-006,SUPPORTED,TRUE,EXCEPTION_MSG,NONE,Time,0
Case_643,PASS,FAILING_POINTS,0,LARGEST_ERROR,1.32143e-011,SUPPORTED,TRUE,EXCEPTION_MSG,NONE,Time,0
Case_644,PASS,FAILING_POINTS,0,LARGEST_ERROR,1.32143e-011,SUPPORTED,TRUE,EXCEPTION_MSG,NONE,Time,0
Case_645,PASS,FAILING_POINTS,0,LARGEST_ERROR,1.19285e-011,SUPPORTED,TRUE,EXCEPTION_MSG,NONE,Time,0
Case_646,PASS,FAILING_POINTS,0,LARGEST_ERROR,4.13358e-008,SUPPORTED,TRUE,EXCEPTION_MSG,NONE,Time,0
Case_647,PASS,FAILING_POINTS,0,LARGEST_ERROR,1.89125e-008,SUPPORTED,TRUE,EXCEPTION_MSG,NONE,Time,0
Case_648,PASS,FAILING_POINTS,0,LARGEST_ERROR,2.10394e-008,SUPPORTED,TRUE,EXCEPTION_MSG,NONE,Time,0
Case_649,PASS,FAILING_POINTS,0,LARGEST_ERROR,4.06567e-008,SUPPORTED,TRUE,EXCEPTION_MSG,NONE,Time,0
Case_650,PASS,FAILING_POINTS,0,LARGEST_ERROR,1.89001e-008,SUPPORTED,TRUE,EXCEPTION_MSG,NONE,Time,0
Case_651,PASS,FAILING_POINTS,0,LARGEST_ERROR,1.87523e-008,SUPPORTED,TRUE,EXCEPTION_MSG,NONE,Time,0
Case_652,PASS,FAILING_POINTS,0,LARGEST_ERROR,1.32142e-011,SUPPORTED,TRUE,EXCEPTION_MSG,NONE,Time,0
Case_653,PASS,FAILING_POINTS,0,LARGEST_ERROR,1.50869e-011,SUPPORTED,TRUE,EXCEPTION_MSG,NONE,Time,0
Case_654,PASS,FAILING_POINTS,0,LARGEST_ERROR,1.79914e-011,SUPPORTED,TRUE,EXCEPTION_MSG,NONE,Time,0
Case_655,PASS,FAILING_POINTS,0,LARGEST_ERROR,1.32142e-011,SUPPORTED,TRUE,EXCEPTION_MSG,NONE,Time,0
Case_656,PASS,FAILING_POINTS,0,LARGEST_ERROR,1.32142e-011,SUPPORTED,TRUE,EXCEPTION_MSG,NONE,Time,0
Case_657,PASS,FAILING_POINTS,0,LARGEST_ERROR,1.32142e-011,SUPPORTED,TRUE,EXCEPTION_MSG,NONE,Time,0
Case_658,FAIL,FAILING_POINTS,0,LARGEST_ERROR,1,SUPPORTED,FALSE,EXCEPTION_MSG,NOT_SUPPORTED,Time,0
Case_659,FAIL,FAILING_POINTS,0,LARGEST_ERROR,1,SUPPORTED,FALSE,EXCEPTION_MSG,NOT_SUPPORTED,Time,0
Case_660,FAIL,FAILING_POINTS,0,LARGEST_ERROR,1,SUPPORTED,FALSE,EXCEPTION_MSG,NOT_SUPPORTED,Time,0
Case_661,FAIL,FAILING_POINTS,0,LARGEST_ERROR,1,SUPPORTED,FALSE,EXCEPTION_MSG,NOT_SUPPORTED,Time,0
Case_662,FAIL,FAILING_POINTS,0,LARGEST_ERROR,1,SUPPORTED,FALSE,EXCEPTION_MSG,NOT_SUPPORTED,Time,0
Case_663,FAIL,FAILING_POINTS,0,LARGEST_ERROR,1,SUPPORTED,FALSE,EXCEPTION_MSG,NOT_SUPPORTED,Time,0
Case_664,FAIL,FAILING_POINTS,0,LARGEST_ERROR,1,SUPPORTED,FALSE,EXCEPTION_MSG,NOT_SUPPORTED,Time,0
Case_665,FAIL,FAILING_POINTS,0,LARGEST_ERROR,1,SUPPORTED,FALSE,EXCEPTION_MSG,NOT_SUPPORTED,Time,0
Case_666,FAIL,FAILING_POINTS,0,LARGEST_ERROR,1,SUPPORTED,FALSE,EXCEPTION_MSG,NOT_SUPPORTED,Time,0
Case_667,PASS,FAILING_POINTS,0,LARGEST_ERROR,1.99779e-007,SUPPORTED,TRUE,EXCEPTION_MSG,NONE,Time,0
Case_668,PASS,FAILING_POINTS,0,LARGEST_ERROR,1.61119e-009,SUPPORTED,TRUE,EXCEPTION_MSG,NONE,Time,0
Case_669,PASS,FAILING_POINTS,0,LARGEST_ERROR,1.67748e-008,SUPPORTED,TRUE,EXCEPTION_MSG,NONE,Time,0
Case_670,PASS,FAILING_POINTS,0,LARGEST_ERROR,1.32307e-011,SUPPORTED,TRUE,EXCEPTION_MSG,NONE,Time,0
Case_671,PASS,FAILING_POINTS,0,LARGEST_ERROR,1.32083e-011,SUPPORTED,TRUE,EXCEPTION_MSG,NONE,Time,0
Case_672,PASS,FAILING_POINTS,0,LARGEST_ERROR,1.32084e-011,SUPPORTED,TRUE,EXCEPTION_MSG,NONE,Time,0
Case_673,FAIL,FAILING_POINTS,0,LARGEST_ERROR,1,SUPPORTED,FALSE,EXCEPTION_MSG,NOT_SUPPORTED,Time,0
Case_674,FAIL,FAILING_POINTS,0,LARGEST_ERROR,1,SUPPORTED,FALSE,EXCEPTION_MSG,NOT_SUPPORTED,Time,0
Case_675,FAIL,FAILING_POINTS,0,LARGEST_ERROR,1,SUPPORTED,FALSE,EXCEPTION_MSG,NOT_SUPPORTED,Time,0
Case_676,PASS,FAILING_POINTS,0,LARGEST_ERROR,3.26922e-008,SUPPORTED,TRUE,EXCEPTION_MSG,NONE,Time,0
Case_677,PASS,FAILING_POINTS,0,LARGEST_ERROR,1.1197e-008,SUPPORTED,TRUE,EXCEPTION_MSG,NONE,Time,0
Case_678,PASS,FAILING_POINTS,0,LARGEST_ERROR,6.52244e-008,SUPPORTED,TRUE,EXCEPTION_MSG,NONE,Time,0
Case_679,PASS,FAILING_POINTS,0,LARGEST_ERROR,8.43051e-008,SUPPORTED,TRUE,EXCEPTION_MSG,NONE,Time,0
Case_680,PASS,FAILING_POINTS,0,LARGEST_ERROR,1.04945e-007,SUPPORTED,TRUE,EXCEPTION_MSG,NONE,Time,0
Case_681,PASS,FAILING_POINTS,0,LARGEST_ERROR,1.66668e-007,SUPPORTED,TRUE,EXCEPTION_MSG,NONE,Time,0
Case_682,PASS,FAILING_POINTS,0,LARGEST_ERROR,3.68889e-005,SUPPORTED,TRUE,EXCEPTION_MSG,NONE,Time,0
Case_683,PASS,FAILING_POINTS,0,LARGEST_ERROR,8.69853e-007,SUPPORTED,TRUE,EXCEPTION_MSG,NONE,Time,0
Case_684,PASS,FAILING_POINTS,0,LARGEST_ERROR,2.18825e-005,SUPPORTED,TRUE,EXCEPTION_MSG,NONE,Time,0
Case_685,PASS,FAILING_POINTS,0,LARGEST_ERROR,1.43725e-008,SUPPORTED,TRUE,EXCEPTION_MSG,NONE,Time,0
Case_686,PASS,FAILING_POINTS,0,LARGEST_ERROR,4.26504e-012,SUPPORTED,TRUE,EXCEPTION_MSG,NONE,Time,0
Case_687,FAIL,FAILING_POINTS,0,LARGEST_ERROR,1,SUPPORTED,FALSE,EXCEPTION_MSG,NOT_SUPPORTED,Time,0
Case_688,PASS,FAILING_POINTS,0,LARGEST_ERROR,2.41611e-008,SUPPORTED,TRUE,EXCEPTION_MSG,NONE,Time,0
Case_689,PASS,FAILING_POINTS,0,LARGEST_ERROR,2.80219e-008,SUPPORTED,TRUE,EXCEPTION_MSG,NONE,Time,0
Case_690,PASS,FAILING_POINTS,0,LARGEST_ERROR,2.40241e-008,SUPPORTED,TRUE,EXCEPTION_MSG,NONE,Time,0
Case_691,PASS,FAILING_POINTS,0,LARGEST_ERROR,2.4869e-014,SUPPORTED,TRUE,EXCEPTION_MSG,NONE,Time,0
Case_692,PASS,FAILING_POINTS,0,LARGEST_ERROR,1.27416e-008,SUPPORTED,TRUE,EXCEPTION_MSG,NONE,Time,0
Case_693,PASS,FAILING_POINTS,0,LARGEST_ERROR,6.82813e-012,SUPPORTED,TRUE,EXCEPTION_MSG,NONE,Time,0
Case_694,PASS,FAILING_POINTS,0,LARGEST_ERROR,9.83325e-012,SUPPORTED,TRUE,EXCEPTION_MSG,NONE,Time,0
Case_695,FAIL,FAILING_POINTS,0,LARGEST_ERROR,1,SUPPORTED,FALSE,EXCEPTION_MSG,NOT_SUPPORTED,Time,0
Case_696,FAIL,FAILING_POINTS,0,LARGEST_ERROR,1,SUPPORTED,FALSE,EXCEPTION_MSG,NOT_SUPPORTED,Time,0
Case_697,PASS,FAILING_POINTS,0,LARGEST_ERROR,8.88178e-016,SUPPORTED,TRUE,EXCEPTION_MSG,NONE,Time,0
Case_698,PASS,FAILING_POINTS,0,LARGEST_ERROR,7.91942e-009,SUPPORTED,TRUE,EXCEPTION_MSG,NONE,Time,0
Case_699,PASS,FAILING_POINTS,0,LARGEST_ERROR,1.06581e-014,SUPPORTED,TRUE,EXCEPTION_MSG,NONE,Time,0
Case_700,PASS,FAILING_POINTS,0,LARGEST_ERROR,2.80183e-008,SUPPORTED,TRUE,EXCEPTION_MSG,NONE,Time,0
Case_701,PASS,FAILING_POINTS,0,LARGEST_ERROR,1.06581e-014,SUPPORTED,TRUE,EXCEPTION_MSG,NONE,Time,0
Case_702,PASS,FAILING_POINTS,0,LARGEST_ERROR,1.8025e-008,SUPPORTED,TRUE,EXCEPTION_MSG,NONE,Time,0
Case_703,PASS,FAILING_POINTS,0,LARGEST_ERROR,6.50776e-012,SUPPORTED,TRUE,EXCEPTION_MSG,NONE,Time,0
Case_704,PASS,FAILING_POINTS,0,LARGEST_ERROR,1.32143e-011,SUPPORTED,TRUE,EXCEPTION_MSG,NONE,Time,0
Case_705,FAIL,FAILING_POINTS,0,LARGEST_ERROR,1,SUPPORTED,FALSE,EXCEPTION_MSG,NOT_SUPPORTED,Time,0
Case_706,PASS,FAILING_POINTS,0,LARGEST_ERROR,7.81194e-009,SUPPORTED,TRUE,EXCEPTION_MSG,NONE,Time,0
Case_707,PASS,FAILING_POINTS,0,LARGEST_ERROR,7.30587e-008,SUPPORTED,TRUE,EXCEPTION_MSG,NONE,Time,0
Case_708,PASS,FAILING_POINTS,0,LARGEST_ERROR,7.12817e-008,SUPPORTED,TRUE,EXCEPTION_MSG,NONE,Time,0
Case_709,PASS,FAILING_POINTS,0,LARGEST_ERROR,4.88665e-006,SUPPORTED,TRUE,EXCEPTION_MSG,NONE,Time,0
Case_710,PASS,FAILING_POINTS,0,LARGEST_ERROR,4.94198e-006,SUPPORTED,TRUE,EXCEPTION_MSG,NONE,Time,0
Case_711,PASS,FAILING_POINTS,0,LARGEST_ERROR,1.71013e-011,SUPPORTED,TRUE,EXCEPTION_MSG,NONE,Time,0
Case_712,PASS,FAILING_POINTS,0,LARGEST_ERROR,1.73803e-008,SUPPORTED,TRUE,EXCEPTION_MSG,NONE,Time,0
Case_713,PASS,FAILING_POINTS,0,LARGEST_ERROR,2.31891e-012,SUPPORTED,TRUE,EXCEPTION_MSG,NONE,Time,0
Case_714,PASS,FAILING_POINTS,0,LARGEST_ERROR,7.96877e-008,SUPPORTED,TRUE,EXCEPTION_MSG,NONE,Time,0
Case_715,PASS,FAILING_POINTS,0,LARGEST_ERROR,2.87624e-011,SUPPORTED,TRUE,EXCEPTION_MSG,NONE,Time,0
Case_716,PASS,FAILING_POINTS,0,LARGEST_ERROR,5.78205e-012,SUPPORTED,TRUE,EXCEPTION_MSG,NONE,Time,0
Case_717,PASS,FAILING_POINTS,0,LARGEST_ERROR,3.38334e-008,SUPPORTED,TRUE,EXCEPTION_MSG,NONE,Time,0
Case_718,PASS,FAILING_POINTS,0,LARGEST_ERROR,3.68019e-011,SUPPORTED,TRUE,EXCEPTION_MSG,NONE,Time,0
Case_719,PASS,FAILING_POINTS,0,LARGEST_ERROR,6.99442e-008,SUPPORTED,TRUE,EXCEPTION_MSG,NONE,Time,0
Case_720,PASS,FAILING_POINTS,0,LARGEST_ERROR,9.88969e-012,SUPPORTED,TRUE,EXCEPTION_MSG,NONE,Time,0
Case_721,PASS,FAILING_POINTS,0,LARGEST_ERROR,1.19892e-011,SUPPORTED,TRUE,EXCEPTION_MSG,NONE,Time,0
Case_722,PASS,FAILING_POINTS,0,LARGEST_ERROR,4.85837e-008,SUPPORTED,TRUE,EXCEPTION_MSG,NONE,Time,0
Case_723,PASS,FAILING_POINTS,0,LARGEST_ERROR,5.34372e-008,SUPPORTED,TRUE,EXCEPTION_MSG,NONE,Time,0
Case_724,PASS,FAILING_POINTS,0,LARGEST_ERROR,1.89187e-008,SUPPORTED,TRUE,EXCEPTION_MSG,NONE,Time,0
Case_725,PASS,FAILING_POINTS,0,LARGEST_ERROR,1.83298e-010,SUPPORTED,TRUE,EXCEPTION_MSG,NONE,Time,0
Case_726,PASS,FAILING_POINTS,0,LARGEST_ERROR,1.18119e-007,SUPPORTED,TRUE,EXCEPTION_MSG,NONE,Time,0
Case_727,PASS,FAILING_POINTS,0,LARGEST_ERROR,6.73506e-012,SUPPORTED,TRUE,EXCEPTION_MSG,NONE,Time,0
Case_728,PASS,FAILING_POINTS,0,LARGEST_ERROR,1.32143e-011,SUPPORTED,TRUE,EXCEPTION_MSG,NONE,Time,0
Case_729,PASS,FAILING_POINTS,0,LARGEST_ERROR,1.16481e-007,SUPPORTED,TRUE,EXCEPTION_MSG,NONE,Time,0
Case_730,PASS,FAILING_POINTS,0,LARGEST_ERROR,1.87523e-008,SUPPORTED,TRUE,EXCEPTION_MSG,NONE,Time,0
Case_731,PASS,FAILING_POINTS,0,LARGEST_ERROR,1.89001e-008,SUPPORTED,TRUE,EXCEPTION_MSG,NONE,Time,0
Case_732,PASS,FAILING_POINTS,0,LARGEST_ERROR,1.5923e-008,SUPPORTED,TRUE,EXCEPTION_MSG,NONE,Time,0
Case_733,PASS,FAILING_POINTS,0,LARGEST_ERROR,6.84498e-012,SUPPORTED,TRUE,EXCEPTION_MSG,NONE,Time,0
Case_734,PASS,FAILING_POINTS,0,LARGEST_ERROR,1.12689e-011,SUPPORTED,TRUE,EXCEPTION_MSG,NONE,Time,0
Case_735,PASS,FAILING_POINTS,0,LARGEST_ERROR,1.39836e-008,SUPPORTED,TRUE,EXCEPTION_MSG,NONE,Time,0
Case_736,PASS,FAILING_POINTS,0,LARGEST_ERROR,3.28426e-008,SUPPORTED,TRUE,EXCEPTION_MSG,NONE,Time,0
Case_737,PASS,FAILING_POINTS,0,LARGEST_ERROR,2.43739e-008,SUPPORTED,TRUE,EXCEPTION_MSG,NONE,Time,0
Case_738,PASS,FAILING_POINTS,0,LARGEST_ERROR,9.61199e-011,SUPPORTED,TRUE,EXCEPTION_MSG,NONE,Time,0
Case_739,PASS,FAILING_POINTS,0,LARGEST_ERROR,2.12603e-009,SUPPORTED,TRUE,EXCEPTION_MSG,NONE,Time,0
Case_740,PASS,FAILING_POINTS,0,LARGEST_ERROR,8.20652e-012,SUPPORTED,TRUE,EXCEPTION_MSG,NONE,Time,0
Case_741,PASS,FAILING_POINTS,0,LARGEST_ERROR,2.88071e-011,SUPPORTED,TRUE,EXCEPTION_MSG,NONE,Time,0
Case_742,PASS,FAILING_POINTS,0,LARGEST_ERROR,8.99038e-009,SUPPORTED,TRUE,EXCEPTION_MSG,NONE,Time,0
Case_743,PASS,FAILING_POINTS,0,LARGEST_ERROR,2.96807e-008,SUPPORTED,TRUE,EXCEPTION_MSG,NONE,Time,0
Case_744,PASS,FAILING_POINTS,0,LARGEST_ERROR,1.13199e-007,SUPPORTED,TRUE,EXCEPTION_MSG,NONE,Time,0
Case_745,PASS,FAILING_POINTS,0,LARGEST_ERROR,1.08565e-007,SUPPORTED,TRUE,EXCEPTION_MSG,NONE,Time,0
Case_746,PASS,FAILING_POINTS,0,LARGEST_ERROR,2.00086e-009,SUPPORTED,TRUE,EXCEPTION_MSG,NONE,Time,0
Case_747,PASS,FAILING_POINTS,0,LARGEST_ERROR,2.08033e-010,SUPPORTED,TRUE,EXCEPTION_MSG,NONE,Time,0
Case_748
Case_749,PASS,FAILING_POINTS,0,LARGEST_ERROR,6.68772e-008,SUPPORTED,TRUE,EXCEPTION_MSG,NONE,Time,0
Case_750,PASS,FAILING_POINTS,0,LARGEST_ERROR,6.32968e-008,SUPPORTED,TRUE,EXCEPTION_MSG,NONE,Time,0
Case_751,PASS,FAILING_POINTS,0,LARGEST_ERROR,1.93204e-008,SUPPORTED,TRUE,EXCEPTION_MSG,NONE,Time,0
Case_752,PASS,FAILING_POINTS,0,LARGEST_ERROR,3.27483e-008,SUPPORTED,TRUE,EXCEPTION_MSG,NONE,Time,0
Case_753,PASS,FAILING_POINTS,0,LARGEST_ERROR,1.33799e-008,SUPPORTED,TRUE,EXCEPTION_MSG,NONE,Time,0
Case_754,PASS,FAILING_POINTS,0,LARGEST_ERROR,9.95175e-009,SUPPORTED,TRUE,EXCEPTION_MSG,NONE,Time,0
Case_755,PASS,FAILING_POINTS,0,LARGEST_ERROR,9.95175e-009,SUPPORTED,TRUE,EXCEPTION_MSG,NONE,Time,0
Case_756,PASS,FAILING_POINTS,0,LARGEST_ERROR,9.95175e-009,SUPPORTED,TRUE,EXCEPTION_MSG,NONE,Time,0
Case_757,PASS,FAILING_POINTS,0,LARGEST_ERROR,2.42787e-008,SUPPORTED,TRUE,EXCEPTION_MSG,NONE,Time,0
Case_758,PASS,FAILING_POINTS,0,LARGEST_ERROR,2.42787e-008,SUPPORTED,TRUE,EXCEPTION_MSG,NONE,Time,0
Case_759,PASS,FAILING_POINTS,0,LARGEST_ERROR,2.98283e-008,SUPPORTED,TRUE,EXCEPTION_MSG,NONE,Time,0
Case_760,FAIL,FAILING_POINTS,0,LARGEST_ERROR,1,SUPPORTED,FALSE,EXCEPTION_MSG,NOT_SUPPORTED,Time,0
Case_761,FAIL,FAILING_POINTS,0,LARGEST_ERROR,1,SUPPORTED,FALSE,EXCEPTION_MSG,NOT_SUPPORTED,Time,0
Case_762,FAIL,FAILING_POINTS,0,LARGEST_ERROR,1,SUPPORTED,FALSE,EXCEPTION_MSG,NOT_SUPPORTED,Time,0
Case_763,PASS,FAILING_POINTS,0,LARGEST_ERROR,1.4246e-008,SUPPORTED,TRUE,EXCEPTION_MSG,NONE,Time,0
Case_764,PASS,FAILING_POINTS,0,LARGEST_ERROR,1.68213e-008,SUPPORTED,TRUE,EXCEPTION_MSG,NONE,Time,0
Case_765,PASS,FAILING_POINTS,0,LARGEST_ERROR,1.42673e-007,SUPPORTED,TRUE,EXCEPTION_MSG,NONE,Time,0
Case_766,PASS,FAILING_POINTS,0,LARGEST_ERROR,6.99175e-011,SUPPORTED,TRUE,EXCEPTION_MSG,NONE,Time,0
Case_767,PASS,FAILING_POINTS,0,LARGEST_ERROR,2.8535e-009,SUPPORTED,TRUE,EXCEPTION_MSG,NONE,Time,0
Case_768,PASS,FAILING_POINTS,0,LARGEST_ERROR,3.92775e-011,SUPPORTED,TRUE,EXCEPTION_MSG,NONE,Time,0
Case_769,PASS,FAILING_POINTS,0,LARGEST_ERROR,6.28412e-008,SUPPORTED,TRUE,EXCEPTION_MSG,NONE,Time,0
Case_770,PASS,FAILING_POINTS,0,LARGEST_ERROR,6.10177e-008,SUPPORTED,TRUE,EXCEPTION_MSG,NONE,Time,0
Case_771,PASS,FAILING_POINTS,0,LARGEST_ERROR,1.23511e-008,SUPPORTED,TRUE,EXCEPTION_MSG,NONE,Time,0
Case_772,PASS,FAILING_POINTS,0,LARGEST_ERROR,1.23511e-008,SUPPORTED,TRUE,EXCEPTION_MSG,NONE,Time,0
Case_773,PASS,FAILING_POINTS,0,LARGEST_ERROR,1.06294e-008,SUPPORTED,TRUE,EXCEPTION_MSG,NONE,Time,0
Case_774,PASS,FAILING_POINTS,0,LARGEST_ERROR,4.85554e-008,SUPPORTED,TRUE,EXCEPTION_MSG,NONE,Time,0
Case_775,PASS,FAILING_POINTS,0,LARGEST_ERROR,4.18013e-010,SUPPORTED,TRUE,EXCEPTION_MSG,NONE,Time,0
Case_776,PASS,FAILING_POINTS,0,LARGEST_ERROR,1.4109e-007,SUPPORTED,TRUE,EXCEPTION_MSG,NONE,Time,0
Case_777,FAIL,FAILING_POINTS,0,LARGEST_ERROR,1,SUPPORTED,FALSE,EXCEPTION_MSG,NOT_SUPPORTED,Time,0
Case_778,FAIL,FAILING_POINTS,0,LARGEST_ERROR,1,SUPPORTED,FALSE,EXCEPTION_MSG,NOT_SUPPORTED,Time,0
Case_779,FAIL,FAILING_POINTS,0,LARGEST_ERROR,1,SUPPORTED,FALSE,EXCEPTION_MSG,NOT_SUPPORTED,Time,0
Case_780,FAIL,FAILING_POINTS,0,LARGEST_ERROR,1,SUPPORTED,FALSE,EXCEPTION_MSG,NOT_SUPPORTED,Time,0
Case_781,PASS,FAILING_POINTS,0,LARGEST_ERROR,1.82573e-008,SUPPORTED,TRUE,EXCEPTION_MSG,NONE,Time,0
Case_782,PASS,FAILING_POINTS,0,LARGEST_ERROR,8.17576e-008,SUPPORTED,TRUE,EXCEPTION_MSG,NONE,Time,0
Case_783,PASS,FAILING_POINTS,0,LARGEST_ERROR,7.22917e-009,SUPPORTED,TRUE,EXCEPTION_MSG,NONE,Time,0
Case_784,PASS,FAILING_POINTS,0,LARGEST_ERROR,1.35564e-010,SUPPORTED,TRUE,EXCEPTION_MSG,NONE,Time,0
Case_785,PASS,FAILING_POINTS,0,LARGEST_ERROR,4.91618e-011,SUPPORTED,TRUE,EXCEPTION_MSG,NONE,Time,0
Case_786,PASS,FAILING_POINTS,0,LARGEST_ERROR,1.21812e-009,SUPPORTED,TRUE,EXCEPTION_MSG,NONE,Time,0
Case_787,PASS,FAILING_POINTS,0,LARGEST_ERROR,7.92936e-009,SUPPORTED,TRUE,EXCEPTION_MSG,NONE,Time,0
Case_788,PASS,FAILING_POINTS,0,LARGEST_ERROR,7.30425e-010,SUPPORTED,TRUE,EXCEPTION_MSG,NONE,Time,0
Case_789,PASS,FAILING_POINTS,0,LARGEST_ERROR,3.20367e-008,SUPPORTED,TRUE,EXCEPTION_MSG,NONE,Time,0
Case_790,PASS,FAILING_POINTS,0,LARGEST_ERROR,3.20367e-008,SUPPORTED,TRUE,EXCEPTION_MSG,NONE,Time,0
Case_791,PASS,FAILING_POINTS,0,LARGEST_ERROR,2.28478e-008,SUPPORTED,TRUE,EXCEPTION_MSG,NONE,Time,0
Case_792,PASS,FAILING_POINTS,0,LARGEST_ERROR,1.8296e-008,SUPPORTED,TRUE,EXCEPTION_MSG,NONE,Time,0
Case_793,PASS,FAILING_POINTS,0,LARGEST_ERROR,7.27655e-009,SUPPORTED,TRUE,EXCEPTION_MSG,NONE,Time,0
Case_794,PASS,FAILING_POINTS,0,LARGEST_ERROR,8.17275e-008,SUPPORTED,TRUE,EXCEPTION_MSG,NONE,Time,0
Case_795,PASS,FAILING_POINTS,0,LARGEST_ERROR,8.17275e-008,SUPPORTED,TRUE,EXCEPTION_MSG,NONE,Time,0
Case_796,PASS,FAILING_POINTS,0,LARGEST_ERROR,1.8296e-008,SUPPORTED,TRUE,EXCEPTION_MSG,NONE,Time,0
Case_797,PASS,FAILING_POINTS,0,LARGEST_ERROR,1.38286e-010,SUPPORTED,TRUE,EXCEPTION_MSG,NONE,Time,0
Case_798,PASS,FAILING_POINTS,0,LARGEST_ERROR,4.83136e-012,SUPPORTED,TRUE,EXCEPTION_MSG,NONE,Time,0
Case_799,PASS,FAILING_POINTS,0,LARGEST_ERROR,1.99901e-011,SUPPORTED,TRUE,EXCEPTION_MSG,NONE,Time,0
Case_800,PASS,FAILING_POINTS,0,LARGEST_ERROR,7.66258e-010,SUPPORTED,TRUE,EXCEPTION_MSG,NONE,Time,0
Case_801,PASS,FAILING_POINTS,0,LARGEST_ERROR,1.77636e-015,SUPPORTED,TRUE,EXCEPTION_MSG,NONE,Time,0
Case_802,PASS,FAILING_POINTS,0,LARGEST_ERROR,4.81637e-007,SUPPORTED,TRUE,EXCEPTION_MSG,NONE,Time,0
Case_803,PASS,FAILING_POINTS,0,LARGEST_ERROR,4.80319e-007,SUPPORTED,TRUE,EXCEPTION_MSG,NONE,Time,0
Case_804,PASS,FAILING_POINTS,0,LARGEST_ERROR,5.02568e-009,SUPPORTED,TRUE,EXCEPTION_MSG,NONE,Time,0
Case_805,PASS,FAILING_POINTS,0,LARGEST_ERROR,4.93487e-007,SUPPORTED,TRUE,EXCEPTION_MSG,NONE,Time,0
Case_806,PASS,FAILING_POINTS,0,LARGEST_ERROR,1.2087e-008,SUPPORTED,TRUE,EXCEPTION_MSG,NONE,Time,0
Case_807,PASS,FAILING_POINTS,0,LARGEST_ERROR,2.6846e-009,SUPPORTED,TRUE,EXCEPTION_MSG,NONE,Time,0
Case_808,PASS,FAILING_POINTS,0,LARGEST_ERROR,2.69224e-009,SUPPORTED,TRUE,EXCEPTION_MSG,NONE,Time,0
Case_809,PASS,FAILING_POINTS,0,LARGEST_ERROR,2.81648e-008,SUPPORTED,TRUE,EXCEPTION_MSG,NONE,Time,0
Case_810,PASS,FAILING_POINTS,0,LARGEST_ERROR,4.08817e-009,SUPPORTED,TRUE,EXCEPTION_MSG,NONE,Time,0
Case_811,PASS,FAILING_POINTS,0,LARGEST_ERROR,7.3955e-009,SUPPORTED,TRUE,EXCEPTION_MSG,NONE,Time,0
Case_812,PASS,FAILING_POINTS,0,LARGEST_ERROR,8.45535e-008,SUPPORTED,TRUE,EXCEPTION_MSG,NONE,Time,0
Case_813,PASS,FAILING_POINTS,0,LARGEST_ERROR,2.65041e-008,SUPPORTED,TRUE,EXCEPTION_MSG,NONE,Time,0
Case_814,PASS,FAILING_POINTS,0,LARGEST_ERROR,7.13723e-008,SUPPORTED,TRUE,EXCEPTION_MSG,NONE,Time,0
Case_815,PASS,FAILING_POINTS,0,LARGEST_ERROR,2.18458e-008,SUPPORTED,TRUE,EXCEPTION_MSG,NONE,Time,0
Case_816,PASS,FAILING_POINTS,0,LARGEST_ERROR,2.01878e-009,SUPPORTED,TRUE,EXCEPTION_MSG,NONE,Time,0
Case_817,PASS,FAILING_POINTS,0,LARGEST_ERROR,1.03279e-008,SUPPORTED,TRUE,EXCEPTION_MSG,NONE,Time,0
Case_818,PASS,FAILING_POINTS,0,LARGEST_ERROR,1.30418e-008,SUPPORTED,TRUE,EXCEPTION_MSG,NONE,Time,0
Case_819,PASS,FAILING_POINTS,0,LARGEST_ERROR,1.19392e-008,SUPPORTED,TRUE,EXCEPTION_MSG,NONE,Time,0
Case_820,PASS,FAILING_POINTS,0,LARGEST_ERROR,4.7697e-008,SUPPORTED,TRUE,EXCEPTION_MSG,NONE,Time,0
Case_821,PASS,FAILING_POINTS,0,LARGEST_ERROR,7.57654e-009,SUPPORTED,TRUE,EXCEPTION_MSG,NONE,Time,0
Case_822,PASS,FAILING_POINTS,0,LARGEST_ERROR,5.15863e-009,SUPPORTED,TRUE,EXCEPTION_MSG,NONE,Time,0
Case_823,PASS,FAILING_POINTS,0,LARGEST_ERROR,2.34502e-008,SUPPORTED,TRUE,EXCEPTION_MSG,NONE,Time,0
Case_824,PASS,FAILING_POINTS,0,LARGEST_ERROR,5.40163e-008,SUPPORTED,TRUE,EXCEPTION_MSG,NONE,Time,0
Case_825,PASS,FAILING_POINTS,0,LARGEST_ERROR,3.21593e-009,SUPPORTED,TRUE,EXCEPTION_MSG,NONE,Time,0
Case_826,PASS,FAILING_POINTS,0,LARGEST_ERROR,2.08187e-008,SUPPORTED,TRUE,EXCEPTION_MSG,NONE,Time,0
Case_827,PASS,FAILING_POINTS,0,LARGEST_ERROR,4.6932e-008,SUPPORTED,TRUE,EXCEPTION_MSG,NONE,Time,0
Case_828,PASS,FAILING_POINTS,0,LARGEST_ERROR,3.21424e-009,SUPPORTED,TRUE,EXCEPTION_MSG,NONE,Time,0
Case_829,PASS,FAILING_POINTS,0,LARGEST_ERROR,1.09454e-008,SUPPORTED,TRUE,EXCEPTION_MSG,NONE,Time,0
Case_830,PASS,FAILING_POINTS,0,LARGEST_ERROR,4.09498e-008,SUPPORTED,TRUE,EXCEPTION_MSG,NONE,Time,0
Case_831,PASS,FAILING_POINTS,0,LARGEST_ERROR,3.30964e-008,SUPPORTED,TRUE,EXCEPTION_MSG,NONE,Time,0
Case_832,PASS,FAILING_POINTS,0,LARGEST_ERROR,1.84732e-008,SUPPORTED,TRUE,EXCEPTION_MSG,NONE,Time,0
Case_833,PASS,FAILING_POINTS,0,LARGEST_ERROR,3.10437e-009,SUPPORTED,TRUE,EXCEPTION_MSG,NONE,Time,0
Case_834,PASS,FAILING_POINTS,0,LARGEST_ERROR,7.0318e-009,SUPPORTED,TRUE,EXCEPTION_MSG,NONE,Time,0
Case_835,PASS,FAILING_POINTS,0,LARGEST_ERROR,3.18459e-009,SUPPORTED,TRUE,EXCEPTION_MSG,NONE,Time,0
Case_836,PASS,FAILING_POINTS,0,LARGEST_ERROR,2.71584e-009,SUPPORTED,TRUE,EXCEPTION_MSG,NONE,Time,0
Case_837,PASS,FAILING_POINTS,0,LARGEST_ERROR,4.08817e-009,SUPPORTED,TRUE,EXCEPTION_MSG,NONE,Time,0
Case_838,PASS,FAILING_POINTS,0,LARGEST_ERROR,1.08979e-008,SUPPORTED,TRUE,EXCEPTION_MSG,NONE,Time,0
Case_839,PASS,FAILING_POINTS,0,LARGEST_ERROR,1.2739e-008,SUPPORTED,TRUE,EXCEPTION_MSG,NONE,Time,0
Case_840,PASS,FAILING_POINTS,0,LARGEST_ERROR,1.16091e-008,SUPPORTED,TRUE,EXCEPTION_MSG,NONE,Time,0
Case_841,PASS,FAILING_POINTS,0,LARGEST_ERROR,7.53072e-009,SUPPORTED,TRUE,EXCEPTION_MSG,NONE,Time,0
Case_842,PASS,FAILING_POINTS,0,LARGEST_ERROR,7.77555e-009,SUPPORTED,TRUE,EXCEPTION_MSG,NONE,Time,0
Case_843,PASS,FAILING_POINTS,0,LARGEST_ERROR,1.16091e-008,SUPPORTED,TRUE,EXCEPTION_MSG,NONE,Time,0
Case_844,FAIL,FAILING_POINTS,0,LARGEST_ERROR,1,SUPPORTED,FALSE,EXCEPTION_MSG,NOT_SUPPORTED,Time,0
Case_845,PASS,FAILING_POINTS,0,LARGEST_ERROR,5.96705e-008,SUPPORTED,TRUE,EXCEPTION_MSG,NONE,Time,0
Case_846,PASS,FAILING_POINTS,0,LARGEST_ERROR,2.63591e-008,SUPPORTED,TRUE,EXCEPTION_MSG,NONE,Time,0
Case_847,PASS,FAILING_POINTS,0,LARGEST_ERROR,2.50974e-008,SUPPORTED,TRUE,EXCEPTION_MSG,NONE,Time,0
Case_848,PASS,FAILING_POINTS,0,LARGEST_ERROR,3.39758e-008,SUPPORTED,TRUE,EXCEPTION_MSG,NONE,Time,0
Case_849,PASS,FAILING_POINTS,0,LARGEST_ERROR,5.1995e-006,SUPPORTED,TRUE,EXCEPTION_MSG,NONE,Time,0
Case_850,PASS,FAILING_POINTS,0,LARGEST_ERROR,1.37428e-008,SUPPORTED,TRUE,EXCEPTION_MSG,NONE,Time,0
Case_851,PASS,FAILING_POINTS,0,LARGEST_ERROR,1.61969e-011,SUPPORTED,TRUE,EXCEPTION_MSG,NONE,Time,0
Case_852,PASS,FAILING_POINTS,0,LARGEST_ERROR,4.04526e-011,SUPPORTED,TRUE,EXCEPTION_MSG,NONE,Time,0
Case_853,PASS,FAILING_POINTS,0,LARGEST_ERROR,6.20809e-009,SUPPORTED,TRUE,EXCEPTION_MSG,NONE,Time,0
Case_854,PASS,FAILING_POINTS,0,LARGEST_ERROR,1.82247e-009,SUPPORTED,TRUE,EXCEPTION_MSG,NONE,Time,0
Case_855,PASS,FAILING_POINTS,0,LARGEST_ERROR,3.87841e-011,SUPPORTED,TRUE,EXCEPTION_MSG,NONE,Time,0
Case_856,PASS,FAILING_POINTS,0,LARGEST_ERROR,3.8206e-009,SUPPORTED,TRUE,EXCEPTION_MSG,NONE,Time,0
Case_857,PASS,FAILING_POINTS,0,LARGEST_ERROR,1.60188e-011,SUPPORTED,TRUE,EXCEPTION_MSG,NONE,Time,0
Case_858,PASS,FAILING_POINTS,0,LARGEST_ERROR,1.92247e-010,SUPPORTED,TRUE,EXCEPTION_MSG,NONE,Time,0
Case_859,PASS,FAILING_POINTS,0,LARGEST_ERROR,1.08673e-007,SUPPORTED,TRUE,EXCEPTION_MSG,NONE,Time,0
Case_860,PASS,FAILING_POINTS,0,LARGEST_ERROR,2.75388e-011,SUPPORTED,TRUE,EXCEPTION_MSG,NONE,Time,0
Case_861,PASS,FAILING_POINTS,0,LARGEST_ERROR,2.67803e-010,SUPPORTED,TRUE,EXCEPTION_MSG,NONE,Time,0
Case_862,PASS,FAILING_POINTS,0,LARGEST_ERROR,1.68174e-008,SUPPORTED,TRUE,EXCEPTION_MSG,NONE,Time,0
Case_863,PASS,FAILING_POINTS,0,LARGEST_ERROR,1.23594e-008,SUPPORTED,TRUE,EXCEPTION_MSG,NONE,Time,0
Case_864,PASS,FAILING_POINTS,0,LARGEST_ERROR,3.07158e-010,SUPPORTED,TRUE,EXCEPTION_MSG,NONE,Time,0
Case_865,PASS,FAILING_POINTS,0,LARGEST_ERROR,1.15783e-008,SUPPORTED,TRUE,EXCEPTION_MSG,NONE,Time,0
Case_866,PASS,FAILING_POINTS,0,LARGEST_ERROR,1.2745e-011,SUPPORTED,TRUE,EXCEPTION_MSG,NONE,Time,0
Case_867,PASS,FAILING_POINTS,0,LARGEST_ERROR,3.88425e-011,SUPPORTED,TRUE,EXCEPTION_MSG,NONE,Time,0
Case_868,PASS,FAILING_POINTS,0,LARGEST_ERROR,2.70941e-008,SUPPORTED,TRUE,EXCEPTION_MSG,NONE,Time,0
Case_869,PASS,FAILING_POINTS,0,LARGEST_ERROR,3.01476e-009,SUPPORTED,TRUE,EXCEPTION_MSG,NONE,Time,0
Case_870,FAIL,FAILING_POINTS,0,LARGEST_ERROR,1,SUPPORTED,FALSE,EXCEPTION_MSG,NOT_SUPPORTED,Time,0
Case_871,FAIL,FAILING_POINTS,0,LARGEST_ERROR,1,SUPPORTED,FALSE,EXCEPTION_MSG,NOT_SUPPORTED,Time,0
Case_872,FAIL,FAILING_POINTS,0,LARGEST_ERROR,1,SUPPORTED,FALSE,EXCEPTION_MSG,NOT_SUPPORTED,Time,0
Case_873,FAIL,FAILING_POINTS,0,LARGEST_ERROR,1,SUPPORTED,FALSE,EXCEPTION_MSG,NOT_SUPPORTED,Time,0
Case_874,FAIL,FAILING_POINTS,0,LARGEST_ERROR,1,SUPPORTED,FALSE,EXCEPTION_MSG,NOT_SUPPORTED,Time,0
Case_875,FAIL,FAILING_POINTS,0,LARGEST_ERROR,1,SUPPORTED,FALSE,EXCEPTION_MSG,NOT_SUPPORTED,Time,0
Case_876,FAIL,FAILING_POINTS,0,LARGEST_ERROR,1,SUPPORTED,FALSE,EXCEPTION_MSG,NOT_SUPPORTED,Time,0
Case_877,PASS,FAILING_POINTS,0,LARGEST_ERROR,3.57501e-011,SUPPORTED,TRUE,EXCEPTION_MSG,NONE,Time,0
Case_878,PASS,FAILING_POINTS,0,LARGEST_ERROR,4.08267e-010,SUPPORTED,TRUE,EXCEPTION_MSG,NONE,Time,0
Case_879,PASS,FAILING_POINTS,0,LARGEST_ERROR,1.04383e-011,SUPPORTED,TRUE,EXCEPTION_MSG,NONE,Time,0
Case_880,PASS,FAILING_POINTS,0,LARGEST_ERROR,1.89474e-008,SUPPORTED,TRUE,EXCEPTION_MSG,NONE,Time,0
Case_881,PASS,FAILING_POINTS,0,LARGEST_ERROR,3.36919e-008,SUPPORTED,TRUE,EXCEPTION_MSG,NONE,Time,0
Case_882,PASS,FAILING_POINTS,0,LARGEST_ERROR,4.15388e-008,SUPPORTED,TRUE,EXCEPTION_MSG,NONE,Time,0
Case_883,PASS,FAILING_POINTS,0,LARGEST_ERROR,2.8322e-008,SUPPORTED,TRUE,EXCEPTION_MSG,NONE,Time,0
Case_884,PASS,FAILING_POINTS,0,LARGEST_ERROR,5.64988e-008,SUPPORTED,TRUE,EXCEPTION_MSG,NONE,Time,0
Case_885,PASS,FAILING_POINTS,0,LARGEST_ERROR,2.17687e-009,SUPPORTED,TRUE,EXCEPTION_MSG,NONE,Time,0
Case_886,PASS,FAILING_POINTS,0,LARGEST_ERROR,1.64583e-008,SUPPORTED,TRUE,EXCEPTION_MSG,NONE,Time,0
Case_887,PASS,FAILING_POINTS,0,LARGEST_ERROR,0.000387056,SUPPORTED,TRUE,EXCEPTION_MSG,NONE,Time,0
Case_888,PASS,FAILING_POINTS,0,LARGEST_ERROR,4.28453e-008,SUPPORTED,TRUE,EXCEPTION_MSG,NONE,Time,0
Case_889,PASS,FAILING_POINTS,0,LARGEST_ERROR,1.06151e-011,SUPPORTED,TRUE,EXCEPTION_MSG,NONE,Time,0
Case_890,PASS,FAILING_POINTS,0,LARGEST_ERROR,3.02628e-008,SUPPORTED,TRUE,EXCEPTION_MSG,NONE,Time,0
Case_891,PASS,FAILING_POINTS,0,LARGEST_ERROR,1.61969e-011,SUPPORTED,TRUE,EXCEPTION_MSG,NONE,Time,0
Case_892,FAIL,FAILING_POINTS,87,LARGEST_ERROR,0.00640807,SUPPORTED,TRUE,EXCEPTION_MSG,NONE,Time,0
Case_893,PASS,FAILING_POINTS,0,LARGEST_ERROR,1.34642e-007,SUPPORTED,TRUE,EXCEPTION_MSG,NONE,Time,0
Case_894,PASS,FAILING_POINTS,0,LARGEST_ERROR,6.68615e-009,SUPPORTED,TRUE,EXCEPTION_MSG,NONE,Time,0
Case_895,PASS,FAILING_POINTS,0,LARGEST_ERROR,4.18266e-011,SUPPORTED,TRUE,EXCEPTION_MSG,NONE,Time,0
Case_896,PASS,FAILING_POINTS,0,LARGEST_ERROR,6.20809e-009,SUPPORTED,TRUE,EXCEPTION_MSG,NONE,Time,0
Case_897,PASS,FAILING_POINTS,0,LARGEST_ERROR,3.35461e-011,SUPPORTED,TRUE,EXCEPTION_MSG,NONE,Time,0
Case_898,PASS,FAILING_POINTS,0,LARGEST_ERROR,7.28307e-011,SUPPORTED,TRUE,EXCEPTION_MSG,NONE,Time,0
Case_899,PASS,FAILING_POINTS,0,LARGEST_ERROR,1.4994e-010,SUPPORTED,TRUE,EXCEPTION_MSG,NONE,Time,0
Case_900,PASS,FAILING_POINTS,0,LARGEST_ERROR,7.41003e-009,SUPPORTED,TRUE,EXCEPTION_MSG,NONE,Time,0
Case_901,PASS,FAILING_POINTS,0,LARGEST_ERROR,4.81814e-006,SUPPORTED,TRUE,EXCEPTION_MSG,NONE,Time,0
Case_902,PASS,FAILING_POINTS,0,LARGEST_ERROR,4.72205e-007,SUPPORTED,TRUE,EXCEPTION_MSG,NONE,Time,0
Case_903,PASS,FAILING_POINTS,0,LARGEST_ERROR,4.90263e-006,SUPPORTED,TRUE,EXCEPTION_MSG,NONE,Time,0
Case_904,PASS,FAILING_POINTS,0,LARGEST_ERROR,4.85663e-006,SUPPORTED,TRUE,EXCEPTION_MSG,NONE,Time,0
Case_905,PASS,FAILING_POINTS,0,LARGEST_ERROR,5.29509e-010,SUPPORTED,TRUE,EXCEPTION_MSG,NONE,Time,0
Case_906,PASS,FAILING_POINTS,0,LARGEST_ERROR,3.37184e-009,SUPPORTED,TRUE,EXCEPTION_MSG,NONE,Time,0
Case_907,PASS,FAILING_POINTS,0,LARGEST_ERROR,1.88108e-006,SUPPORTED,TRUE,EXCEPTION_MSG,NONE,Time,0
Case_908,PASS,FAILING_POINTS,0,LARGEST_ERROR,4.95436e-006,SUPPORTED,TRUE,EXCEPTION_MSG,NONE,Time,0
Case_909,PASS,FAILING_POINTS,0,LARGEST_ERROR,5.15873e-008,SUPPORTED,TRUE,EXCEPTION_MSG,NONE,Time,0
Case_910,PASS,FAILING_POINTS,0,LARGEST_ERROR,4.76504e-008,SUPPORTED,TRUE,EXCEPTION_MSG,NONE,Time,0
Case_911,PASS,FAILING_POINTS,0,LARGEST_ERROR,4.8601e-006,SUPPORTED,TRUE,EXCEPTION_MSG,NONE,Time,0
Case_912,PASS,FAILING_POINTS,0,LARGEST_ERROR,4.90985e-006,SUPPORTED,TRUE,EXCEPTION_MSG,NONE,Time,0
Case_913,PASS,FAILING_POINTS,0,LARGEST_ERROR,4.74417e-006,SUPPORTED,TRUE,EXCEPTION_MSG,NONE,Time,0
Case_914,PASS,FAILING_POINTS,0,LARGEST_ERROR,5.4481e-006,SUPPORTED,TRUE,EXCEPTION_MSG,NONE,Time,0
Case_915,PASS,FAILING_POINTS,0,LARGEST_ERROR,5.00768e-007,SUPPORTED,TRUE,EXCEPTION_MSG,NONE,Time,0
Case_916,PASS,FAILING_POINTS,0,LARGEST_ERROR,6.23596e-006,SUPPORTED,TRUE,EXCEPTION_MSG,NONE,Time,0
Case_917,PASS,FAILING_POINTS,0,LARGEST_ERROR,5.15395e-005,SUPPORTED,TRUE,EXCEPTION_MSG,NONE,Time,0
Case_918,PASS,FAILING_POINTS,0,LARGEST_ERROR,4.39864e-005,SUPPORTED,TRUE,EXCEPTION_MSG,NONE,Time,0
Case_919,PASS,FAILING_POINTS,0,LARGEST_ERROR,5.14334e-005,SUPPORTED,TRUE,EXCEPTION_MSG,NONE,Time,0
Case_920,PASS,FAILING_POINTS,0,LARGEST_ERROR,1.11022e-016,SUPPORTED,TRUE,EXCEPTION_MSG,NONE,Time,0
Case_921,PASS,FAILING_POINTS,0,LARGEST_ERROR,1.11022e-016,SUPPORTED,TRUE,EXCEPTION_MSG,NONE,Time,0
Case_922,PASS,FAILING_POINTS,0,LARGEST_ERROR,1.11022e-016,SUPPORTED,TRUE,EXCEPTION_MSG,NONE,Time,0
Case_923,PASS,FAILING_POINTS,0,LARGEST_ERROR,1.11022e-016,SUPPORTED,TRUE,EXCEPTION_MSG,NONE,Time,0
Case_924,PASS,FAILING_POINTS,0,LARGEST_ERROR,1.11022e-016,SUPPORTED,TRUE,EXCEPTION_MSG,NONE,Time,0
Case_925,PASS,FAILING_POINTS,0,LARGEST_ERROR,1.11022e-016,SUPPORTED,TRUE,EXCEPTION_MSG,NONE,Time,0
Case_926,PASS,FAILING_POINTS,0,LARGEST_ERROR,6.80018e-007,SUPPORTED,TRUE,EXCEPTION_MSG,NONE,Time,0
Case_927,PASS,FAILING_POINTS,0,LARGEST_ERROR,2.81734e-007,SUPPORTED,TRUE,EXCEPTION_MSG,NONE,Time,0
Case_928,PASS,FAILING_POINTS,0,LARGEST_ERROR,7.40324e-012,SUPPORTED,TRUE,EXCEPTION_MSG,NONE,Time,1
Case_929,PASS,FAILING_POINTS,0,LARGEST_ERROR,7.40324e-012,SUPPORTED,TRUE,EXCEPTION_MSG,NONE,Time,1
Case_930,PASS,FAILING_POINTS,0,LARGEST_ERROR,2.22045e-016,SUPPORTED,TRUE,EXCEPTION_MSG,NONE,Time,1
Case_931,FAIL,FAILING_POINTS,78,LARGEST_ERROR,3,SUPPORTED,TRUE,EXCEPTION_MSG,NONE,Time,1
Case_932,PASS,FAILING_POINTS,0,LARGEST_ERROR,4.10335e-008,SUPPORTED,TRUE,EXCEPTION_MSG,NONE,Time,0
Case_933,PASS,FAILING_POINTS,0,LARGEST_ERROR,2.53218e-008,SUPPORTED,TRUE,EXCEPTION_MSG,NONE,Time,0
Case_934,FAIL,FAILING_POINTS,52,LARGEST_ERROR,1,SUPPORTED,TRUE,EXCEPTION_MSG,NONE,Time,0
Case_935,PASS,FAILING_POINTS,0,LARGEST_ERROR,2.22045e-016,SUPPORTED,TRUE,EXCEPTION_MSG,NONE,Time,0
Case_936,FAIL,FAILING_POINTS,194,LARGEST_ERROR,3,SUPPORTED,TRUE,EXCEPTION_MSG,NONE,Time,0
Case_937,FAIL,FAILING_POINTS,0,LARGEST_ERROR,1,SUPPORTED,FALSE,EXCEPTION_MSG,NOT_SUPPORTED,Time,0
Case_938,FAIL,FAILING_POINTS,0,LARGEST_ERROR,1,SUPPORTED,FALSE,EXCEPTION_MSG,NOT_SUPPORTED,Time,0
Case_939,FAIL,FAILING_POINTS,0,LARGEST_ERROR,1,SUPPORTED,FALSE,EXCEPTION_MSG,NOT_SUPPORTED,Time,0
Case_940,FAIL,FAILING_POINTS,0,LARGEST_ERROR,1,SUPPORTED,FALSE,EXCEPTION_MSG,NOT_SUPPORTED,Time,0
Case_941,FAIL,FAILING_POINTS,0,LARGEST_ERROR,1,SUPPORTED,FALSE,EXCEPTION_MSG,NOT_SUPPORTED,Time,0
Case_942,FAIL,FAILING_POINTS,0,LARGEST_ERROR,1,SUPPORTED,FALSE,EXCEPTION_MSG,NOT_SUPPORTED,Time,0
Case_943,FAIL,FAILING_POINTS,0,LARGEST_ERROR,1,SUPPORTED,FALSE,EXCEPTION_MSG,NOT_SUPPORTED,Time,0
Case_944,PASS,FAILING_POINTS,0,LARGEST_ERROR,1.05004e-009,SUPPORTED,TRUE,EXCEPTION_MSG,NONE,Time,0
Case_945,PASS,FAILING_POINTS,0,LARGEST_ERROR,5.90833e-009,SUPPORTED,TRUE,EXCEPTION_MSG,NONE,Time,0
Case_946,PASS,FAILING_POINTS,0,LARGEST_ERROR,5.90833e-009,SUPPORTED,TRUE,EXCEPTION_MSG,NONE,Time,0
Case_947,PASS,FAILING_POINTS,0,LARGEST_ERROR,8.09582e-010,SUPPORTED,TRUE,EXCEPTION_MSG,NONE,Time,0
Case_948,PASS,FAILING_POINTS,0,LARGEST_ERROR,8.09582e-010,SUPPORTED,TRUE,EXCEPTION_MSG,NONE,Time,0
Case_949,PASS,FAILING_POINTS,0,LARGEST_ERROR,1.11022e-016,SUPPORTED,TRUE,EXCEPTION_MSG,NONE,Time,0
Case_950,Model,failed,compilation,Failed,compiling,model,Failed,to,generate,and,compile,model,Failed,loading,SBML,model
Case_951,FAIL,FAILING_POINTS,33,LARGEST_ERROR,1,SUPPORTED,TRUE,EXCEPTION_MSG,NONE,Time,0
Case_952
Case_953,PASS,FAILING_POINTS,0,LARGEST_ERROR,4.99502e-009,SUPPORTED,TRUE,EXCEPTION_MSG,NONE,Time,3
Case_954,PASS,FAILING_POINTS,0,LARGEST_ERROR,4.76828e-010,SUPPORTED,TRUE,EXCEPTION_MSG,NONE,Time,0
Case_955,FAIL,FAILING_POINTS,1,LARGEST_ERROR,1,SUPPORTED,TRUE,EXCEPTION_MSG,NONE,Time,0
Case_956,PASS,FAILING_POINTS,0,LARGEST_ERROR,4.76828e-010,SUPPORTED,TRUE,EXCEPTION_MSG,NONE,Time,0
Case_957,FAIL,FAILING_POINTS,242,LARGEST_ERROR,1.#INF,SUPPORTED,TRUE,EXCEPTION_MSG,NONE,Time,0
Case_958,FAIL,FAILING_POINTS,242,LARGEST_ERROR,1.#INF,SUPPORTED,TRUE,EXCEPTION_MSG,NONE,Time,0
Case_959,FAIL,FAILING_POINTS,171,LARGEST_ERROR,1000,SUPPORTED,TRUE,EXCEPTION_MSG,NONE,Time,0
Case_960,PASS,FAILING_POINTS,0,LARGEST_ERROR,1.28221e+008,SUPPORTED,TRUE,EXCEPTION_MSG,NONE,Time,0
Case_961,FAIL,FAILING_POINTS,33,LARGEST_ERROR,6.02214e+023,SUPPORTED,TRUE,EXCEPTION_MSG,NONE,Time,0
Case_962
Case_963,FAIL,FAILING_POINTS,1999,LARGEST_ERROR,10,SUPPORTED,TRUE,EXCEPTION_MSG,NONE,Time,0
Case_964,PASS,FAILING_POINTS,0,LARGEST_ERROR,4.99502e-009,SUPPORTED,TRUE,EXCEPTION_MSG,NONE,Time,4
Case_965
Case_966
Case_967,FAIL,FAILING_POINTS,202,LARGEST_ERROR,5,SUPPORTED,TRUE,EXCEPTION_MSG,NONE,Time,0
Case_968,PASS,FAILING_POINTS,0,LARGEST_ERROR,2.84217e-014,SUPPORTED,TRUE,EXCEPTION_MSG,NONE,Time,0
Case_969,PASS,FAILING_POINTS,0,LARGEST_ERROR,2.84217e-014,SUPPORTED,TRUE,EXCEPTION_MSG,NONE,Time,0
Case_970,PASS,FAILING_POINTS,0,LARGEST_ERROR,2.84217e-014,SUPPORTED,TRUE,EXCEPTION_MSG,NONE,Time,0
Case_971,PASS,FAILING_POINTS,0,LARGEST_ERROR,2.84217e-014,SUPPORTED,TRUE,EXCEPTION_MSG,NONE,Time,0
Case_972,PASS,FAILING_POINTS,0,LARGEST_ERROR,7.10543e-015,SUPPORTED,TRUE,EXCEPTION_MSG,NONE,Time,0
Case_973,PASS,FAILING_POINTS,0,LARGEST_ERROR,3.47045e-008,SUPPORTED,TRUE,EXCEPTION_MSG,NONE,Time,0
Case_974,PASS,FAILING_POINTS,0,LARGEST_ERROR,5.32907e-015,SUPPORTED,TRUE,EXCEPTION_MSG,NONE,Time,0
Case_975,PASS,FAILING_POINTS,0,LARGEST_ERROR,4.05669e-009,SUPPORTED,TRUE,EXCEPTION_MSG,NONE,Time,0
Case_976,PASS,FAILING_POINTS,0,LARGEST_ERROR,5.72527e-009,SUPPORTED,TRUE,EXCEPTION_MSG,NONE,Time,0
Case_977,PASS,FAILING_POINTS,0,LARGEST_ERROR,8.29123e-009,SUPPORTED,TRUE,EXCEPTION_MSG,NONE,Time,0
Case_978,FAIL,FAILING_POINTS,0,LARGEST_ERROR,1,SUPPORTED,FALSE,EXCEPTION_MSG,NOT_SUPPORTED,Time,0
Case_979,PASS,FAILING_POINTS,0,LARGEST_ERROR,2.22045e-016,SUPPORTED,TRUE,EXCEPTION_MSG,NONE,Time,0
Case_980,PASS,FAILING_POINTS,0,LARGEST_ERROR,2.22045e-016,SUPPORTED,TRUE,EXCEPTION_MSG,NONE,Time,0
