Case_1,PASS,FAILING_POINTS,0,LARGEST_ERROR,8.88178e-16,SUPPORTED,TRUE,EXCEPTION_MSG,NONE
Case_2,PASS,FAILING_POINTS,0,LARGEST_ERROR,8.88178e-16,SUPPORTED,TRUE,EXCEPTION_MSG,NONE
Case_3,PASS,FAILING_POINTS,0,LARGEST_ERROR,8.88178e-16,SUPPORTED,TRUE,EXCEPTION_MSG,NONE
Case_4,PASS,FAILING_POINTS,0,LARGEST_ERROR,2.75855e-11,SUPPORTED,TRUE,EXCEPTION_MSG,NONE
Case_5,PASS,FAILING_POINTS,0,LARGEST_ERROR,8.88178e-16,SUPPORTED,TRUE,EXCEPTION_MSG,NONE
Case_6,PASS,FAILING_POINTS,0,LARGEST_ERROR,8.88178e-16,SUPPORTED,TRUE,EXCEPTION_MSG,NONE
Case_7,PASS,FAILING_POINTS,0,LARGEST_ERROR,1.77636e-15,SUPPORTED,TRUE,EXCEPTION_MSG,NONE
Case_8,PASS,FAILING_POINTS,0,LARGEST_ERROR,7.56339e-15,SUPPORTED,TRUE,EXCEPTION_MSG,NONE
Case_9,PASS,FAILING_POINTS,0,LARGEST_ERROR,8.88178e-16,SUPPORTED,TRUE,EXCEPTION_MSG,NONE
Case_10,PASS,FAILING_POINTS,0,LARGEST_ERROR,7.90528e-12,SUPPORTED,TRUE,EXCEPTION_MSG,NONE
Case_11,PASS,FAILING_POINTS,0,LARGEST_ERROR,3.55271e-15,SUPPORTED,TRUE,EXCEPTION_MSG,NONE
Case_12,PASS,FAILING_POINTS,0,LARGEST_ERROR,1.77636e-15,SUPPORTED,TRUE,EXCEPTION_MSG,NONE
Case_13,PASS,FAILING_POINTS,0,LARGEST_ERROR,8.88178e-16,SUPPORTED,TRUE,EXCEPTION_MSG,NONE
Case_14,PASS,FAILING_POINTS,0,LARGEST_ERROR,2.58127e-12,SUPPORTED,TRUE,EXCEPTION_MSG,NONE
Case_15,PASS,FAILING_POINTS,0,LARGEST_ERROR,4.22925e-12,SUPPORTED,TRUE,EXCEPTION_MSG,NONE
Case_16,PASS,FAILING_POINTS,0,LARGEST_ERROR,2.66575e-11,SUPPORTED,TRUE,EXCEPTION_MSG,NONE
Case_17,PASS,FAILING_POINTS,0,LARGEST_ERROR,1.73238e-10,SUPPORTED,TRUE,EXCEPTION_MSG,NONE
Case_18,PASS,FAILING_POINTS,0,LARGEST_ERROR,2.00732e-13,SUPPORTED,TRUE,EXCEPTION_MSG,NONE
Case_19,PASS,FAILING_POINTS,0,LARGEST_ERROR,1.05208e-14,SUPPORTED,TRUE,EXCEPTION_MSG,NONE
Case_20,PASS,FAILING_POINTS,0,LARGEST_ERROR,3.82029e-14,SUPPORTED,TRUE,EXCEPTION_MSG,NONE
Case_21,PASS,FAILING_POINTS,0,LARGEST_ERROR,1.12805e-12,SUPPORTED,TRUE,EXCEPTION_MSG,NONE
Case_22,PASS,FAILING_POINTS,0,LARGEST_ERROR,2.04267e-11,SUPPORTED,TRUE,EXCEPTION_MSG,NONE
Case_23,PASS,FAILING_POINTS,0,LARGEST_ERROR,1.91393e-08,SUPPORTED,TRUE,EXCEPTION_MSG,NONE
Case_24,PASS,FAILING_POINTS,0,LARGEST_ERROR,5.80048e-18,SUPPORTED,TRUE,EXCEPTION_MSG,NONE
Case_25,PASS,FAILING_POINTS,0,LARGEST_ERROR,8.88178e-16,SUPPORTED,TRUE,EXCEPTION_MSG,NONE
Case_26,PASS,FAILING_POINTS,0,LARGEST_ERROR,3.00715e-08,SUPPORTED,TRUE,EXCEPTION_MSG,NONE
Case_27,PASS,FAILING_POINTS,0,LARGEST_ERROR,4.25089e-10,SUPPORTED,TRUE,EXCEPTION_MSG,NONE
Case_28,PASS,FAILING_POINTS,0,LARGEST_ERROR,1.41664e-13,SUPPORTED,TRUE,EXCEPTION_MSG,NONE
Case_29,PASS,FAILING_POINTS,0,LARGEST_ERROR,2.22045e-16,SUPPORTED,TRUE,EXCEPTION_MSG,NONE
Case_30,PASS,FAILING_POINTS,0,LARGEST_ERROR,2.22045e-16,SUPPORTED,TRUE,EXCEPTION_MSG,NONE
Case_31,PASS,FAILING_POINTS,0,LARGEST_ERROR,2.84217e-14,SUPPORTED,TRUE,EXCEPTION_MSG,NONE
Case_32,PASS,FAILING_POINTS,0,LARGEST_ERROR,8.88178e-16,SUPPORTED,TRUE,EXCEPTION_MSG,NONE
Case_33,PASS,FAILING_POINTS,0,LARGEST_ERROR,6.62591e-10,SUPPORTED,TRUE,EXCEPTION_MSG,NONE
Case_34,PASS,FAILING_POINTS,0,LARGEST_ERROR,1.92521e-12,SUPPORTED,TRUE,EXCEPTION_MSG,NONE
Case_35,PASS,FAILING_POINTS,0,LARGEST_ERROR,4.22925e-12,SUPPORTED,TRUE,EXCEPTION_MSG,NONE
Case_36,PASS,FAILING_POINTS,0,LARGEST_ERROR,4.85723e-16,SUPPORTED,TRUE,EXCEPTION_MSG,NONE
Case_37,PASS,FAILING_POINTS,0,LARGEST_ERROR,4.82947e-15,SUPPORTED,TRUE,EXCEPTION_MSG,NONE
Case_38,PASS,FAILING_POINTS,0,LARGEST_ERROR,2.44655e-08,SUPPORTED,TRUE,EXCEPTION_MSG,NONE
Case_39,FAIL,FAILING_POINTS,0,LARGEST_ERROR,1,SUPPORTED,FALSE,EXCEPTION_MSG,NOT_SUPPORTED
Case_40,FAIL,FAILING_POINTS,0,LARGEST_ERROR,1,SUPPORTED,FALSE,EXCEPTION_MSG,NOT_SUPPORTED
Case_41,PASS,FAILING_POINTS,0,LARGEST_ERROR,1.92628e-07,SUPPORTED,TRUE,EXCEPTION_MSG,NONE
Case_42,PASS,FAILING_POINTS,0,LARGEST_ERROR,8.88178e-16,SUPPORTED,TRUE,EXCEPTION_MSG,NONE
Case_43,PASS,FAILING_POINTS,0,LARGEST_ERROR,3.08065e-11,SUPPORTED,TRUE,EXCEPTION_MSG,NONE
Case_44,PASS,FAILING_POINTS,0,LARGEST_ERROR,4.22297e-11,SUPPORTED,TRUE,EXCEPTION_MSG,NONE
Case_45,PASS,FAILING_POINTS,0,LARGEST_ERROR,4.3715e-15,SUPPORTED,TRUE,EXCEPTION_MSG,NONE
Case_46,PASS,FAILING_POINTS,0,LARGEST_ERROR,1.92521e-12,SUPPORTED,TRUE,EXCEPTION_MSG,NONE
Case_47,PASS,FAILING_POINTS,0,LARGEST_ERROR,4.22925e-12,SUPPORTED,TRUE,EXCEPTION_MSG,NONE
Case_48,PASS,FAILING_POINTS,0,LARGEST_ERROR,8.88178e-16,SUPPORTED,TRUE,EXCEPTION_MSG,NONE
Case_49,PASS,FAILING_POINTS,0,LARGEST_ERROR,7.74293e-10,SUPPORTED,TRUE,EXCEPTION_MSG,NONE
Case_50,PASS,FAILING_POINTS,0,LARGEST_ERROR,4.22394e-13,SUPPORTED,TRUE,EXCEPTION_MSG,NONE
Case_51,PASS,FAILING_POINTS,0,LARGEST_ERROR,1.32864e-07,SUPPORTED,TRUE,EXCEPTION_MSG,NONE
Case_52,PASS,FAILING_POINTS,0,LARGEST_ERROR,1.68621e-07,SUPPORTED,TRUE,EXCEPTION_MSG,NONE
Case_53,PASS,FAILING_POINTS,0,LARGEST_ERROR,2.31942e-07,SUPPORTED,TRUE,EXCEPTION_MSG,NONE
Case_54,PASS,FAILING_POINTS,0,LARGEST_ERROR,4.0928e-09,SUPPORTED,TRUE,EXCEPTION_MSG,NONE
Case_55,PASS,FAILING_POINTS,0,LARGEST_ERROR,7.79663e-09,SUPPORTED,TRUE,EXCEPTION_MSG,NONE
Case_56,PASS,FAILING_POINTS,0,LARGEST_ERROR,2.03799e-08,SUPPORTED,TRUE,EXCEPTION_MSG,NONE
Case_57,PASS,FAILING_POINTS,0,LARGEST_ERROR,1.2458e-15,SUPPORTED,TRUE,EXCEPTION_MSG,NONE
Case_58,PASS,FAILING_POINTS,0,LARGEST_ERROR,1.2458e-15,SUPPORTED,TRUE,EXCEPTION_MSG,NONE
Case_59,PASS,FAILING_POINTS,0,LARGEST_ERROR,1.4744e-11,SUPPORTED,TRUE,EXCEPTION_MSG,NONE
Case_60,PASS,FAILING_POINTS,0,LARGEST_ERROR,3.37324e-11,SUPPORTED,TRUE,EXCEPTION_MSG,NONE
Case_61,PASS,FAILING_POINTS,0,LARGEST_ERROR,6.99756e-12,SUPPORTED,TRUE,EXCEPTION_MSG,NONE
Case_62,PASS,FAILING_POINTS,0,LARGEST_ERROR,6.20118e-15,SUPPORTED,TRUE,EXCEPTION_MSG,NONE
Case_63,PASS,FAILING_POINTS,0,LARGEST_ERROR,4.87141e-06,SUPPORTED,TRUE,EXCEPTION_MSG,NONE
Case_64,PASS,FAILING_POINTS,0,LARGEST_ERROR,4.3806e-09,SUPPORTED,TRUE,EXCEPTION_MSG,NONE
Case_65,PASS,FAILING_POINTS,0,LARGEST_ERROR,6.20115e-15,SUPPORTED,TRUE,EXCEPTION_MSG,NONE
Case_66,PASS,FAILING_POINTS,0,LARGEST_ERROR,6.3222e-15,SUPPORTED,TRUE,EXCEPTION_MSG,NONE
Case_67,PASS,FAILING_POINTS,0,LARGEST_ERROR,2.57218e-09,SUPPORTED,TRUE,EXCEPTION_MSG,NONE
Case_68,PASS,FAILING_POINTS,0,LARGEST_ERROR,4.998e-06,SUPPORTED,TRUE,EXCEPTION_MSG,NONE
Case_69,PASS,FAILING_POINTS,0,LARGEST_ERROR,1.46896e-10,SUPPORTED,TRUE,EXCEPTION_MSG,NONE
Case_70,PASS,FAILING_POINTS,0,LARGEST_ERROR,1.96496e-10,SUPPORTED,TRUE,EXCEPTION_MSG,NONE
Case_71,PASS,FAILING_POINTS,0,LARGEST_ERROR,2.37487e-08,SUPPORTED,TRUE,EXCEPTION_MSG,NONE
Case_72,PASS,FAILING_POINTS,0,LARGEST_ERROR,5.63603e-08,SUPPORTED,TRUE,EXCEPTION_MSG,NONE
Case_73,PASS,FAILING_POINTS,0,LARGEST_ERROR,1.85096e-07,SUPPORTED,TRUE,EXCEPTION_MSG,NONE
Case_74,PASS,FAILING_POINTS,0,LARGEST_ERROR,2.07073e-07,SUPPORTED,TRUE,EXCEPTION_MSG,NONE
Case_75,PASS,FAILING_POINTS,0,LARGEST_ERROR,1.31366e-07,SUPPORTED,TRUE,EXCEPTION_MSG,NONE
Case_76,PASS,FAILING_POINTS,0,LARGEST_ERROR,1.55931e-09,SUPPORTED,TRUE,EXCEPTION_MSG,NONE
Case_77,PASS,FAILING_POINTS,0,LARGEST_ERROR,1.14907e-07,SUPPORTED,TRUE,EXCEPTION_MSG,NONE
Case_78,PASS,FAILING_POINTS,0,LARGEST_ERROR,9.02235e-09,SUPPORTED,TRUE,EXCEPTION_MSG,NONE
Case_79,PASS,FAILING_POINTS,0,LARGEST_ERROR,2.80359e-13,SUPPORTED,TRUE,EXCEPTION_MSG,NONE
Case_80,PASS,FAILING_POINTS,0,LARGEST_ERROR,8.11151e-12,SUPPORTED,TRUE,EXCEPTION_MSG,NONE
Case_81,PASS,FAILING_POINTS,0,LARGEST_ERROR,4.94198e-06,SUPPORTED,TRUE,EXCEPTION_MSG,NONE
Case_82,PASS,FAILING_POINTS,0,LARGEST_ERROR,3.4374e-12,SUPPORTED,TRUE,EXCEPTION_MSG,NONE
Case_83,PASS,FAILING_POINTS,0,LARGEST_ERROR,4.88661e-06,SUPPORTED,TRUE,EXCEPTION_MSG,NONE
Case_84,PASS,FAILING_POINTS,0,LARGEST_ERROR,3.70875e-08,SUPPORTED,TRUE,EXCEPTION_MSG,NONE
Case_85,PASS,FAILING_POINTS,0,LARGEST_ERROR,4.46001e-15,SUPPORTED,TRUE,EXCEPTION_MSG,NONE
Case_86,PASS,FAILING_POINTS,0,LARGEST_ERROR,1.19738e-07,SUPPORTED,TRUE,EXCEPTION_MSG,NONE
Case_87,PASS,FAILING_POINTS,0,LARGEST_ERROR,2.44655e-08,SUPPORTED,TRUE,EXCEPTION_MSG,NONE
Case_88,PASS,FAILING_POINTS,0,LARGEST_ERROR,3.09554e-08,SUPPORTED,TRUE,EXCEPTION_MSG,NONE
Case_89,PASS,FAILING_POINTS,0,LARGEST_ERROR,1.50758e-13,SUPPORTED,TRUE,EXCEPTION_MSG,NONE
Case_90,PASS,FAILING_POINTS,0,LARGEST_ERROR,1.50758e-13,SUPPORTED,TRUE,EXCEPTION_MSG,NONE
Case_91,PASS,FAILING_POINTS,0,LARGEST_ERROR,1.50758e-13,SUPPORTED,TRUE,EXCEPTION_MSG,NONE
Case_92,PASS,FAILING_POINTS,0,LARGEST_ERROR,1.00371e-12,SUPPORTED,TRUE,EXCEPTION_MSG,NONE
Case_93,PASS,FAILING_POINTS,0,LARGEST_ERROR,1.00371e-12,SUPPORTED,TRUE,EXCEPTION_MSG,NONE
Case_94,PASS,FAILING_POINTS,0,LARGEST_ERROR,1.00371e-12,SUPPORTED,TRUE,EXCEPTION_MSG,NONE
Case_95,PASS,FAILING_POINTS,0,LARGEST_ERROR,3.02692e-12,SUPPORTED,TRUE,EXCEPTION_MSG,NONE
Case_96,PASS,FAILING_POINTS,0,LARGEST_ERROR,3.02692e-12,SUPPORTED,TRUE,EXCEPTION_MSG,NONE
Case_97,PASS,FAILING_POINTS,0,LARGEST_ERROR,3.02692e-12,SUPPORTED,TRUE,EXCEPTION_MSG,NONE
Case_98,PASS,FAILING_POINTS,0,LARGEST_ERROR,1.92521e-12,SUPPORTED,TRUE,EXCEPTION_MSG,NONE
Case_99,PASS,FAILING_POINTS,0,LARGEST_ERROR,1.92521e-12,SUPPORTED,TRUE,EXCEPTION_MSG,NONE
Case_100,PASS,FAILING_POINTS,0,LARGEST_ERROR,1.92521e-12,SUPPORTED,TRUE,EXCEPTION_MSG,NONE
Case_101,PASS,FAILING_POINTS,0,LARGEST_ERROR,1.1341e-12,SUPPORTED,TRUE,EXCEPTION_MSG,NONE
Case_102,PASS,FAILING_POINTS,0,LARGEST_ERROR,4.22394e-13,SUPPORTED,TRUE,EXCEPTION_MSG,NONE
Case_103,PASS,FAILING_POINTS,0,LARGEST_ERROR,4.22394e-13,SUPPORTED,TRUE,EXCEPTION_MSG,NONE
Case_104,PASS,FAILING_POINTS,0,LARGEST_ERROR,1.32864e-07,SUPPORTED,TRUE,EXCEPTION_MSG,NONE
Case_105,PASS,FAILING_POINTS,0,LARGEST_ERROR,1.68621e-07,SUPPORTED,TRUE,EXCEPTION_MSG,NONE
Case_106,PASS,FAILING_POINTS,0,LARGEST_ERROR,2.31942e-07,SUPPORTED,TRUE,EXCEPTION_MSG,NONE
Case_107,PASS,FAILING_POINTS,0,LARGEST_ERROR,2.87309e-08,SUPPORTED,TRUE,EXCEPTION_MSG,NONE
Case_108,PASS,FAILING_POINTS,0,LARGEST_ERROR,1.81791e-13,SUPPORTED,TRUE,EXCEPTION_MSG,NONE
Case_109,PASS,FAILING_POINTS,0,LARGEST_ERROR,8.7097e-13,SUPPORTED,TRUE,EXCEPTION_MSG,NONE
Case_110,PASS,FAILING_POINTS,0,LARGEST_ERROR,4.0928e-09,SUPPORTED,TRUE,EXCEPTION_MSG,NONE
Case_111,PASS,FAILING_POINTS,0,LARGEST_ERROR,7.79663e-09,SUPPORTED,TRUE,EXCEPTION_MSG,NONE
Case_112,PASS,FAILING_POINTS,0,LARGEST_ERROR,2.03799e-08,SUPPORTED,TRUE,EXCEPTION_MSG,NONE
Case_113,PASS,FAILING_POINTS,0,LARGEST_ERROR,3.77175e-09,SUPPORTED,TRUE,EXCEPTION_MSG,NONE
Case_114,PASS,FAILING_POINTS,0,LARGEST_ERROR,8.04016e-11,SUPPORTED,TRUE,EXCEPTION_MSG,NONE
Case_115,PASS,FAILING_POINTS,0,LARGEST_ERROR,6.20118e-15,SUPPORTED,TRUE,EXCEPTION_MSG,NONE
Case_116,PASS,FAILING_POINTS,0,LARGEST_ERROR,5.13212e-11,SUPPORTED,TRUE,EXCEPTION_MSG,NONE
Case_117,PASS,FAILING_POINTS,0,LARGEST_ERROR,2.04405e-11,SUPPORTED,TRUE,EXCEPTION_MSG,NONE
Case_118,PASS,FAILING_POINTS,0,LARGEST_ERROR,1.77636e-15,SUPPORTED,TRUE,EXCEPTION_MSG,NONE
Case_119,PASS,FAILING_POINTS,0,LARGEST_ERROR,4.87141e-06,SUPPORTED,TRUE,EXCEPTION_MSG,NONE
Case_120,PASS,FAILING_POINTS,0,LARGEST_ERROR,4.3806e-09,SUPPORTED,TRUE,EXCEPTION_MSG,NONE
Case_121,PASS,FAILING_POINTS,0,LARGEST_ERROR,6.20115e-15,SUPPORTED,TRUE,EXCEPTION_MSG,NONE
Case_122,PASS,FAILING_POINTS,0,LARGEST_ERROR,6.17094e-12,SUPPORTED,TRUE,EXCEPTION_MSG,NONE
Case_123,PASS,FAILING_POINTS,0,LARGEST_ERROR,6.3222e-15,SUPPORTED,TRUE,EXCEPTION_MSG,NONE
Case_124,PASS,FAILING_POINTS,0,LARGEST_ERROR,2.57192e-09,SUPPORTED,TRUE,EXCEPTION_MSG,NONE
Case_125,PASS,FAILING_POINTS,0,LARGEST_ERROR,5.7343e-11,SUPPORTED,TRUE,EXCEPTION_MSG,NONE
Case_126,PASS,FAILING_POINTS,0,LARGEST_ERROR,5.20742e-12,SUPPORTED,TRUE,EXCEPTION_MSG,NONE
Case_127,PASS,FAILING_POINTS,0,LARGEST_ERROR,2.67666e-11,SUPPORTED,TRUE,EXCEPTION_MSG,NONE
Case_128,PASS,FAILING_POINTS,0,LARGEST_ERROR,1.64555e-12,SUPPORTED,TRUE,EXCEPTION_MSG,NONE
Case_129,PASS,FAILING_POINTS,0,LARGEST_ERROR,6.07186e-08,SUPPORTED,TRUE,EXCEPTION_MSG,NONE
Case_130,PASS,FAILING_POINTS,0,LARGEST_ERROR,8.6293e-13,SUPPORTED,TRUE,EXCEPTION_MSG,NONE
Case_131,PASS,FAILING_POINTS,0,LARGEST_ERROR,1.97685e-11,SUPPORTED,TRUE,EXCEPTION_MSG,NONE
Case_132,PASS,FAILING_POINTS,0,LARGEST_ERROR,1.85036e-14,SUPPORTED,TRUE,EXCEPTION_MSG,NONE
Case_133,PASS,FAILING_POINTS,0,LARGEST_ERROR,1.85036e-14,SUPPORTED,TRUE,EXCEPTION_MSG,NONE
Case_134,PASS,FAILING_POINTS,0,LARGEST_ERROR,1.09788e-10,SUPPORTED,TRUE,EXCEPTION_MSG,NONE
Case_135,PASS,FAILING_POINTS,0,LARGEST_ERROR,2.31304e-11,SUPPORTED,TRUE,EXCEPTION_MSG,NONE
Case_136,PASS,FAILING_POINTS,0,LARGEST_ERROR,4.99862e-06,SUPPORTED,TRUE,EXCEPTION_MSG,NONE
Case_137,PASS,FAILING_POINTS,0,LARGEST_ERROR,2.44655e-08,SUPPORTED,TRUE,EXCEPTION_MSG,NONE
Case_138,PASS,FAILING_POINTS,0,LARGEST_ERROR,2.44655e-08,SUPPORTED,TRUE,EXCEPTION_MSG,NONE
Case_139,PASS,FAILING_POINTS,0,LARGEST_ERROR,1.93585e-08,SUPPORTED,TRUE,EXCEPTION_MSG,NONE
Case_140,PASS,FAILING_POINTS,0,LARGEST_ERROR,1.93585e-08,SUPPORTED,TRUE,EXCEPTION_MSG,NONE
Case_141,PASS,FAILING_POINTS,0,LARGEST_ERROR,1.93585e-08,SUPPORTED,TRUE,EXCEPTION_MSG,NONE
Case_142,PASS,FAILING_POINTS,0,LARGEST_ERROR,1.00718e-13,SUPPORTED,TRUE,EXCEPTION_MSG,NONE
Case_143,PASS,FAILING_POINTS,0,LARGEST_ERROR,1.00718e-13,SUPPORTED,TRUE,EXCEPTION_MSG,NONE
Case_144,PASS,FAILING_POINTS,0,LARGEST_ERROR,1.00718e-13,SUPPORTED,TRUE,EXCEPTION_MSG,NONE
Case_145,PASS,FAILING_POINTS,0,LARGEST_ERROR,8.35748e-11,SUPPORTED,TRUE,EXCEPTION_MSG,NONE
Case_146,PASS,FAILING_POINTS,0,LARGEST_ERROR,8.35748e-11,SUPPORTED,TRUE,EXCEPTION_MSG,NONE
Case_147,PASS,FAILING_POINTS,0,LARGEST_ERROR,8.35748e-11,SUPPORTED,TRUE,EXCEPTION_MSG,NONE
Case_148,PASS,FAILING_POINTS,0,LARGEST_ERROR,1.15657e-09,SUPPORTED,TRUE,EXCEPTION_MSG,NONE
Case_149,PASS,FAILING_POINTS,0,LARGEST_ERROR,1.15657e-09,SUPPORTED,TRUE,EXCEPTION_MSG,NONE
Case_150,PASS,FAILING_POINTS,0,LARGEST_ERROR,1.15657e-09,SUPPORTED,TRUE,EXCEPTION_MSG,NONE
Case_151,PASS,FAILING_POINTS,0,LARGEST_ERROR,1.50758e-13,SUPPORTED,TRUE,EXCEPTION_MSG,NONE
Case_152,PASS,FAILING_POINTS,0,LARGEST_ERROR,2.44655e-08,SUPPORTED,TRUE,EXCEPTION_MSG,NONE
Case_153,PASS,FAILING_POINTS,0,LARGEST_ERROR,1.51695e-11,SUPPORTED,TRUE,EXCEPTION_MSG,NONE
Case_154,PASS,FAILING_POINTS,0,LARGEST_ERROR,2.03129e-10,SUPPORTED,TRUE,EXCEPTION_MSG,NONE
Case_155,PASS,FAILING_POINTS,0,LARGEST_ERROR,1.51695e-11,SUPPORTED,TRUE,EXCEPTION_MSG,NONE
Case_156,PASS,FAILING_POINTS,0,LARGEST_ERROR,2.01153e-10,SUPPORTED,TRUE,EXCEPTION_MSG,NONE
Case_157,PASS,FAILING_POINTS,0,LARGEST_ERROR,1.14617e-09,SUPPORTED,TRUE,EXCEPTION_MSG,NONE
Case_158,PASS,FAILING_POINTS,0,LARGEST_ERROR,3.06289e-09,SUPPORTED,TRUE,EXCEPTION_MSG,NONE
Case_159,PASS,FAILING_POINTS,0,LARGEST_ERROR,1.29116e-13,SUPPORTED,TRUE,EXCEPTION_MSG,NONE
Case_160,PASS,FAILING_POINTS,0,LARGEST_ERROR,2.10816e-08,SUPPORTED,TRUE,EXCEPTION_MSG,NONE
Case_161,PASS,FAILING_POINTS,0,LARGEST_ERROR,3.20514e-10,SUPPORTED,TRUE,EXCEPTION_MSG,NONE
Case_162,PASS,FAILING_POINTS,0,LARGEST_ERROR,3.20514e-10,SUPPORTED,TRUE,EXCEPTION_MSG,NONE
Case_163,PASS,FAILING_POINTS,0,LARGEST_ERROR,1.81602e-10,SUPPORTED,TRUE,EXCEPTION_MSG,NONE
Case_164,PASS,FAILING_POINTS,0,LARGEST_ERROR,8.88178e-16,SUPPORTED,TRUE,EXCEPTION_MSG,NONE
Case_165,PASS,FAILING_POINTS,0,LARGEST_ERROR,1.0675e-10,SUPPORTED,TRUE,EXCEPTION_MSG,NONE
Case_166,PASS,FAILING_POINTS,0,LARGEST_ERROR,4.22297e-11,SUPPORTED,TRUE,EXCEPTION_MSG,NONE
Case_167,PASS,FAILING_POINTS,0,LARGEST_ERROR,4.498e-11,SUPPORTED,TRUE,EXCEPTION_MSG,NONE
Case_168,PASS,FAILING_POINTS,0,LARGEST_ERROR,1.01091e-13,SUPPORTED,TRUE,EXCEPTION_MSG,NONE
Case_169,PASS,FAILING_POINTS,0,LARGEST_ERROR,3.82029e-14,SUPPORTED,TRUE,EXCEPTION_MSG,NONE
Case_170,PASS,FAILING_POINTS,0,LARGEST_ERROR,2.28123e-12,SUPPORTED,TRUE,EXCEPTION_MSG,NONE
Case_171,PASS,FAILING_POINTS,0,LARGEST_ERROR,5.32575e-10,SUPPORTED,TRUE,EXCEPTION_MSG,NONE
Case_172,FAIL,FAILING_POINTS,53,LARGEST_ERROR,0.816462,SUPPORTED,TRUE,EXCEPTION_MSG,NONE
Case_173,PASS,FAILING_POINTS,0,LARGEST_ERROR,1.41664e-13,SUPPORTED,TRUE,EXCEPTION_MSG,NONE
Case_174,PASS,FAILING_POINTS,0,LARGEST_ERROR,2.22045e-16,SUPPORTED,TRUE,EXCEPTION_MSG,NONE
Case_175,PASS,FAILING_POINTS,0,LARGEST_ERROR,1.24345e-14,SUPPORTED,TRUE,EXCEPTION_MSG,NONE
Case_176,PASS,FAILING_POINTS,0,LARGEST_ERROR,2.70987e-09,SUPPORTED,TRUE,EXCEPTION_MSG,NONE
Case_177,PASS,FAILING_POINTS,0,LARGEST_ERROR,4.38682e-09,SUPPORTED,TRUE,EXCEPTION_MSG,NONE
Case_178,PASS,FAILING_POINTS,0,LARGEST_ERROR,7.74293e-10,SUPPORTED,TRUE,EXCEPTION_MSG,NONE
Case_179,PASS,FAILING_POINTS,0,LARGEST_ERROR,4.94682e-10,SUPPORTED,TRUE,EXCEPTION_MSG,NONE
Case_180,PASS,FAILING_POINTS,0,LARGEST_ERROR,1.18909e-08,SUPPORTED,TRUE,EXCEPTION_MSG,NONE
Case_181,PASS,FAILING_POINTS,0,LARGEST_ERROR,2.44655e-08,SUPPORTED,TRUE,EXCEPTION_MSG,NONE
Case_182,FAIL,FAILING_POINTS,0,LARGEST_ERROR,1,SUPPORTED,FALSE,EXCEPTION_MSG,NOT_SUPPORTED
Case_183,PASS,FAILING_POINTS,0,LARGEST_ERROR,6.52108e-09,SUPPORTED,TRUE,EXCEPTION_MSG,NONE
Case_184,FAIL,FAILING_POINTS,0,LARGEST_ERROR,1,SUPPORTED,FALSE,EXCEPTION_MSG,NOT_SUPPORTED
Case_185,PASS,FAILING_POINTS,0,LARGEST_ERROR,2.46035e-08,SUPPORTED,TRUE,EXCEPTION_MSG,NONE
Case_186,PASS,FAILING_POINTS,0,LARGEST_ERROR,2.74177e-13,SUPPORTED,TRUE,EXCEPTION_MSG,NONE
Case_187,PASS,FAILING_POINTS,0,LARGEST_ERROR,7.98425e-12,SUPPORTED,TRUE,EXCEPTION_MSG,NONE
Case_188,PASS,FAILING_POINTS,0,LARGEST_ERROR,2.29672e-13,SUPPORTED,TRUE,EXCEPTION_MSG,NONE
Case_189,PASS,FAILING_POINTS,0,LARGEST_ERROR,3.89877e-13,SUPPORTED,TRUE,EXCEPTION_MSG,NONE
Case_190,PASS,FAILING_POINTS,0,LARGEST_ERROR,1.24345e-14,SUPPORTED,TRUE,EXCEPTION_MSG,NONE
Case_191,PASS,FAILING_POINTS,0,LARGEST_ERROR,2.75595e-07,SUPPORTED,TRUE,EXCEPTION_MSG,NONE
Case_192,PASS,FAILING_POINTS,0,LARGEST_ERROR,2.07856e-07,SUPPORTED,TRUE,EXCEPTION_MSG,NONE
Case_193,PASS,FAILING_POINTS,0,LARGEST_ERROR,1.08325e-07,SUPPORTED,TRUE,EXCEPTION_MSG,NONE
Case_194,PASS,FAILING_POINTS,0,LARGEST_ERROR,9.44778e-08,SUPPORTED,TRUE,EXCEPTION_MSG,NONE
Case_195,PASS,FAILING_POINTS,0,LARGEST_ERROR,2.40693e-08,SUPPORTED,TRUE,EXCEPTION_MSG,NONE
Case_196,PASS,FAILING_POINTS,0,LARGEST_ERROR,1.61382e-12,SUPPORTED,TRUE,EXCEPTION_MSG,NONE
Case_197,PASS,FAILING_POINTS,0,LARGEST_ERROR,7.39409e-13,SUPPORTED,TRUE,EXCEPTION_MSG,NONE
Case_198,PASS,FAILING_POINTS,0,LARGEST_ERROR,6.8171e-07,SUPPORTED,TRUE,EXCEPTION_MSG,NONE
Case_199,PASS,FAILING_POINTS,0,LARGEST_ERROR,2.75595e-07,SUPPORTED,TRUE,EXCEPTION_MSG,NONE
Case_200,PASS,FAILING_POINTS,0,LARGEST_ERROR,1.87594e-07,SUPPORTED,TRUE,EXCEPTION_MSG,NONE
Case_201,PASS,FAILING_POINTS,0,LARGEST_ERROR,1.4395e-07,SUPPORTED,TRUE,EXCEPTION_MSG,NONE
Case_202,PASS,FAILING_POINTS,0,LARGEST_ERROR,1.82061e-15,SUPPORTED,TRUE,EXCEPTION_MSG,NONE
Case_203,PASS,FAILING_POINTS,0,LARGEST_ERROR,1.85332e-15,SUPPORTED,TRUE,EXCEPTION_MSG,NONE
Case_204,PASS,FAILING_POINTS,0,LARGEST_ERROR,1.00518e-14,SUPPORTED,TRUE,EXCEPTION_MSG,NONE
Case_205,PASS,FAILING_POINTS,0,LARGEST_ERROR,1.6094e-14,SUPPORTED,TRUE,EXCEPTION_MSG,NONE
Case_206,PASS,FAILING_POINTS,0,LARGEST_ERROR,1.91613e-12,SUPPORTED,TRUE,EXCEPTION_MSG,NONE
Case_207,PASS,FAILING_POINTS,0,LARGEST_ERROR,2.04852e-09,SUPPORTED,TRUE,EXCEPTION_MSG,NONE
Case_208,PASS,FAILING_POINTS,0,LARGEST_ERROR,5.12146e-12,SUPPORTED,TRUE,EXCEPTION_MSG,NONE
Case_209,PASS,FAILING_POINTS,0,LARGEST_ERROR,8.76626e-10,SUPPORTED,TRUE,EXCEPTION_MSG,NONE
Case_210,PASS,FAILING_POINTS,0,LARGEST_ERROR,2.4223e-12,SUPPORTED,TRUE,EXCEPTION_MSG,NONE
Case_211,PASS,FAILING_POINTS,0,LARGEST_ERROR,1.11022e-16,SUPPORTED,TRUE,EXCEPTION_MSG,NONE
Case_212,PASS,FAILING_POINTS,0,LARGEST_ERROR,1.73681e-11,SUPPORTED,TRUE,EXCEPTION_MSG,NONE
Case_213,PASS,FAILING_POINTS,0,LARGEST_ERROR,1.11022e-16,SUPPORTED,TRUE,EXCEPTION_MSG,NONE
Case_214,PASS,FAILING_POINTS,0,LARGEST_ERROR,2.33174e-11,SUPPORTED,TRUE,EXCEPTION_MSG,NONE
Case_215,PASS,FAILING_POINTS,0,LARGEST_ERROR,1.0759e-10,SUPPORTED,TRUE,EXCEPTION_MSG,NONE
Case_216,PASS,FAILING_POINTS,0,LARGEST_ERROR,3.04804e-10,SUPPORTED,TRUE,EXCEPTION_MSG,NONE
Case_217,PASS,FAILING_POINTS,0,LARGEST_ERROR,1.61624e-13,SUPPORTED,TRUE,EXCEPTION_MSG,NONE
Case_218,PASS,FAILING_POINTS,0,LARGEST_ERROR,6.76103e-11,SUPPORTED,TRUE,EXCEPTION_MSG,NONE
Case_219,PASS,FAILING_POINTS,0,LARGEST_ERROR,2.67396e-13,SUPPORTED,TRUE,EXCEPTION_MSG,NONE
Case_220,PASS,FAILING_POINTS,0,LARGEST_ERROR,9.09045e-13,SUPPORTED,TRUE,EXCEPTION_MSG,NONE
Case_221,PASS,FAILING_POINTS,0,LARGEST_ERROR,8.79146e-13,SUPPORTED,TRUE,EXCEPTION_MSG,NONE
Case_222,PASS,FAILING_POINTS,0,LARGEST_ERROR,3.28303e-13,SUPPORTED,TRUE,EXCEPTION_MSG,NONE
Case_223,PASS,FAILING_POINTS,0,LARGEST_ERROR,4.88661e-12,SUPPORTED,TRUE,EXCEPTION_MSG,NONE
Case_224,PASS,FAILING_POINTS,0,LARGEST_ERROR,2.77417e-09,SUPPORTED,TRUE,EXCEPTION_MSG,NONE
Case_225,PASS,FAILING_POINTS,0,LARGEST_ERROR,7.09921e-11,SUPPORTED,TRUE,EXCEPTION_MSG,NONE
Case_226,PASS,FAILING_POINTS,0,LARGEST_ERROR,5.55112e-17,SUPPORTED,TRUE,EXCEPTION_MSG,NONE
Case_227,PASS,FAILING_POINTS,0,LARGEST_ERROR,4.78371e-12,SUPPORTED,TRUE,EXCEPTION_MSG,NONE
Case_228,PASS,FAILING_POINTS,0,LARGEST_ERROR,5.55112e-17,SUPPORTED,TRUE,EXCEPTION_MSG,NONE
Case_229,PASS,FAILING_POINTS,0,LARGEST_ERROR,5.41146e-06,SUPPORTED,TRUE,EXCEPTION_MSG,NONE
Case_230,PASS,FAILING_POINTS,0,LARGEST_ERROR,2.35521e-09,SUPPORTED,TRUE,EXCEPTION_MSG,NONE
Case_231,PASS,FAILING_POINTS,0,LARGEST_ERROR,4.99612e-06,SUPPORTED,TRUE,EXCEPTION_MSG,NONE
Case_232,PASS,FAILING_POINTS,0,LARGEST_ERROR,4.57402e-06,SUPPORTED,TRUE,EXCEPTION_MSG,NONE
Case_233,PASS,FAILING_POINTS,0,LARGEST_ERROR,5.1382e-13,SUPPORTED,TRUE,EXCEPTION_MSG,NONE
Case_234,PASS,FAILING_POINTS,0,LARGEST_ERROR,5.18829e-12,SUPPORTED,TRUE,EXCEPTION_MSG,NONE
Case_235,PASS,FAILING_POINTS,0,LARGEST_ERROR,3.92777e-10,SUPPORTED,TRUE,EXCEPTION_MSG,NONE
Case_236,PASS,FAILING_POINTS,0,LARGEST_ERROR,3.12339e-11,SUPPORTED,TRUE,EXCEPTION_MSG,NONE
Case_237,PASS,FAILING_POINTS,0,LARGEST_ERROR,2.92412e-12,SUPPORTED,TRUE,EXCEPTION_MSG,NONE
Case_238,PASS,FAILING_POINTS,0,LARGEST_ERROR,1.11022e-16,SUPPORTED,TRUE,EXCEPTION_MSG,NONE
Case_239,PASS,FAILING_POINTS,0,LARGEST_ERROR,1.19616e-08,SUPPORTED,TRUE,EXCEPTION_MSG,NONE
Case_240,PASS,FAILING_POINTS,0,LARGEST_ERROR,4.98876e-12,SUPPORTED,TRUE,EXCEPTION_MSG,NONE
Case_241,PASS,FAILING_POINTS,0,LARGEST_ERROR,2.22045e-16,SUPPORTED,TRUE,EXCEPTION_MSG,NONE
Case_242,PASS,FAILING_POINTS,0,LARGEST_ERROR,4.97508e-12,SUPPORTED,TRUE,EXCEPTION_MSG,NONE
Case_243,PASS,FAILING_POINTS,0,LARGEST_ERROR,1.26224e-08,SUPPORTED,TRUE,EXCEPTION_MSG,NONE
Case_244,PASS,FAILING_POINTS,0,LARGEST_ERROR,2.71323e-09,SUPPORTED,TRUE,EXCEPTION_MSG,NONE
Case_245,PASS,FAILING_POINTS,0,LARGEST_ERROR,1.13616e-08,SUPPORTED,TRUE,EXCEPTION_MSG,NONE
Case_246,PASS,FAILING_POINTS,0,LARGEST_ERROR,4.93916e-06,SUPPORTED,TRUE,EXCEPTION_MSG,NONE
Case_247,PASS,FAILING_POINTS,0,LARGEST_ERROR,3.13441e-09,SUPPORTED,TRUE,EXCEPTION_MSG,NONE
Case_248,PASS,FAILING_POINTS,0,LARGEST_ERROR,1.85768e-07,SUPPORTED,TRUE,EXCEPTION_MSG,NONE
Case_249,PASS,FAILING_POINTS,0,LARGEST_ERROR,1.35566e-11,SUPPORTED,TRUE,EXCEPTION_MSG,NONE
Case_250,PASS,FAILING_POINTS,0,LARGEST_ERROR,1.59553e-15,SUPPORTED,TRUE,EXCEPTION_MSG,NONE
Case_251,PASS,FAILING_POINTS,0,LARGEST_ERROR,4.36518e-08,SUPPORTED,TRUE,EXCEPTION_MSG,NONE
Case_252,PASS,FAILING_POINTS,0,LARGEST_ERROR,2.84692e-12,SUPPORTED,TRUE,EXCEPTION_MSG,NONE
Case_253,PASS,FAILING_POINTS,0,LARGEST_ERROR,6.20115e-15,SUPPORTED,TRUE,EXCEPTION_MSG,NONE
Case_254,PASS,FAILING_POINTS,0,LARGEST_ERROR,2.83715e-08,SUPPORTED,TRUE,EXCEPTION_MSG,NONE
Case_255,PASS,FAILING_POINTS,0,LARGEST_ERROR,2.71608e-12,SUPPORTED,TRUE,EXCEPTION_MSG,NONE
Case_256,PASS,FAILING_POINTS,0,LARGEST_ERROR,4.93317e-15,SUPPORTED,TRUE,EXCEPTION_MSG,NONE
Case_257,PASS,FAILING_POINTS,0,LARGEST_ERROR,3.84842e-08,SUPPORTED,TRUE,EXCEPTION_MSG,NONE
Case_258,PASS,FAILING_POINTS,0,LARGEST_ERROR,2.11608e-12,SUPPORTED,TRUE,EXCEPTION_MSG,NONE
Case_259,PASS,FAILING_POINTS,0,LARGEST_ERROR,6.11135e-15,SUPPORTED,TRUE,EXCEPTION_MSG,NONE
Case_260,PASS,FAILING_POINTS,0,LARGEST_ERROR,5.20742e-12,SUPPORTED,TRUE,EXCEPTION_MSG,NONE
Case_261,PASS,FAILING_POINTS,0,LARGEST_ERROR,1.57401e-11,SUPPORTED,TRUE,EXCEPTION_MSG,NONE
Case_262,PASS,FAILING_POINTS,0,LARGEST_ERROR,1.9646e-12,SUPPORTED,TRUE,EXCEPTION_MSG,NONE
Case_263,PASS,FAILING_POINTS,0,LARGEST_ERROR,1.67138e-12,SUPPORTED,TRUE,EXCEPTION_MSG,NONE
Case_264,PASS,FAILING_POINTS,0,LARGEST_ERROR,2.79592e-11,SUPPORTED,TRUE,EXCEPTION_MSG,NONE
Case_265,PASS,FAILING_POINTS,0,LARGEST_ERROR,2.19295e-10,SUPPORTED,TRUE,EXCEPTION_MSG,NONE
Case_266,PASS,FAILING_POINTS,0,LARGEST_ERROR,3.13807e-15,SUPPORTED,TRUE,EXCEPTION_MSG,NONE
Case_267,PASS,FAILING_POINTS,0,LARGEST_ERROR,3.67721e-15,SUPPORTED,TRUE,EXCEPTION_MSG,NONE
Case_268,PASS,FAILING_POINTS,0,LARGEST_ERROR,3.13823e-15,SUPPORTED,TRUE,EXCEPTION_MSG,NONE
Case_269,PASS,FAILING_POINTS,0,LARGEST_ERROR,1.41664e-13,SUPPORTED,TRUE,EXCEPTION_MSG,NONE
Case_270,PASS,FAILING_POINTS,0,LARGEST_ERROR,2.07856e-07,SUPPORTED,TRUE,EXCEPTION_MSG,NONE
Case_271,PASS,FAILING_POINTS,0,LARGEST_ERROR,3.55271e-15,SUPPORTED,TRUE,EXCEPTION_MSG,NONE
Case_272,PASS,FAILING_POINTS,0,LARGEST_ERROR,2.75595e-07,SUPPORTED,TRUE,EXCEPTION_MSG,NONE
Case_273,PASS,FAILING_POINTS,0,LARGEST_ERROR,1.08325e-07,SUPPORTED,TRUE,EXCEPTION_MSG,NONE
Case_274,PASS,FAILING_POINTS,0,LARGEST_ERROR,9.44778e-08,SUPPORTED,TRUE,EXCEPTION_MSG,NONE
Case_275,PASS,FAILING_POINTS,0,LARGEST_ERROR,4.8726e-07,SUPPORTED,TRUE,EXCEPTION_MSG,NONE
Case_276,PASS,FAILING_POINTS,0,LARGEST_ERROR,6.81637e-07,SUPPORTED,TRUE,EXCEPTION_MSG,NONE
Case_277,PASS,FAILING_POINTS,0,LARGEST_ERROR,2.75595e-07,SUPPORTED,TRUE,EXCEPTION_MSG,NONE
Case_278,PASS,FAILING_POINTS,0,LARGEST_ERROR,1.87594e-07,SUPPORTED,TRUE,EXCEPTION_MSG,NONE
Case_279,PASS,FAILING_POINTS,0,LARGEST_ERROR,1.4395e-07,SUPPORTED,TRUE,EXCEPTION_MSG,NONE
Case_280,PASS,FAILING_POINTS,0,LARGEST_ERROR,1.37836e-08,SUPPORTED,TRUE,EXCEPTION_MSG,NONE
Case_281,PASS,FAILING_POINTS,0,LARGEST_ERROR,1.35525e-18,SUPPORTED,TRUE,EXCEPTION_MSG,NONE
Case_282,PASS,FAILING_POINTS,0,LARGEST_ERROR,1.93505e-15,SUPPORTED,TRUE,EXCEPTION_MSG,NONE
Case_283,PASS,FAILING_POINTS,0,LARGEST_ERROR,8.88178e-16,SUPPORTED,TRUE,EXCEPTION_MSG,NONE
Case_284,PASS,FAILING_POINTS,0,LARGEST_ERROR,5.96361e-10,SUPPORTED,TRUE,EXCEPTION_MSG,NONE
Case_285,PASS,FAILING_POINTS,0,LARGEST_ERROR,2.66282e-13,SUPPORTED,TRUE,EXCEPTION_MSG,NONE
Case_286,PASS,FAILING_POINTS,0,LARGEST_ERROR,4.09277e-09,SUPPORTED,TRUE,EXCEPTION_MSG,NONE
Case_287,PASS,FAILING_POINTS,0,LARGEST_ERROR,1.20785e-08,SUPPORTED,TRUE,EXCEPTION_MSG,NONE
Case_288,PASS,FAILING_POINTS,0,LARGEST_ERROR,1.85768e-08,SUPPORTED,TRUE,EXCEPTION_MSG,NONE
Case_289,PASS,FAILING_POINTS,0,LARGEST_ERROR,4.06711e-09,SUPPORTED,TRUE,EXCEPTION_MSG,NONE
Case_290,PASS,FAILING_POINTS,0,LARGEST_ERROR,4.06707e-09,SUPPORTED,TRUE,EXCEPTION_MSG,NONE
Case_291,PASS,FAILING_POINTS,0,LARGEST_ERROR,6.27195e-09,SUPPORTED,TRUE,EXCEPTION_MSG,NONE
Case_292,PASS,FAILING_POINTS,0,LARGEST_ERROR,1.1171e-08,SUPPORTED,TRUE,EXCEPTION_MSG,NONE
Case_293,PASS,FAILING_POINTS,0,LARGEST_ERROR,2.22282e-08,SUPPORTED,TRUE,EXCEPTION_MSG,NONE
Case_294,PASS,FAILING_POINTS,0,LARGEST_ERROR,1.93133e-08,SUPPORTED,TRUE,EXCEPTION_MSG,NONE
Case_295,PASS,FAILING_POINTS,0,LARGEST_ERROR,9.67675e-09,SUPPORTED,TRUE,EXCEPTION_MSG,NONE
Case_296,PASS,FAILING_POINTS,0,LARGEST_ERROR,1.5108e-13,SUPPORTED,TRUE,EXCEPTION_MSG,NONE
Case_297,PASS,FAILING_POINTS,0,LARGEST_ERROR,9.68461e-11,SUPPORTED,TRUE,EXCEPTION_MSG,NONE
Case_298,PASS,FAILING_POINTS,0,LARGEST_ERROR,8.88178e-16,SUPPORTED,TRUE,EXCEPTION_MSG,NONE
Case_299,PASS,FAILING_POINTS,0,LARGEST_ERROR,1.4979e-13,SUPPORTED,TRUE,EXCEPTION_MSG,NONE
Case_300,PASS,FAILING_POINTS,0,LARGEST_ERROR,8.71814e-13,SUPPORTED,TRUE,EXCEPTION_MSG,NONE
Case_301,PASS,FAILING_POINTS,0,LARGEST_ERROR,5.9646e-13,SUPPORTED,TRUE,EXCEPTION_MSG,NONE
Case_302,PASS,FAILING_POINTS,0,LARGEST_ERROR,5.9646e-13,SUPPORTED,TRUE,EXCEPTION_MSG,NONE
Case_303,PASS,FAILING_POINTS,0,LARGEST_ERROR,8.88178e-16,SUPPORTED,TRUE,EXCEPTION_MSG,NONE
Case_304,PASS,FAILING_POINTS,0,LARGEST_ERROR,8.88178e-16,SUPPORTED,TRUE,EXCEPTION_MSG,NONE
Case_305,PASS,FAILING_POINTS,0,LARGEST_ERROR,9.22344e-11,SUPPORTED,TRUE,EXCEPTION_MSG,NONE
Case_306,PASS,FAILING_POINTS,0,LARGEST_ERROR,1.94984e-13,SUPPORTED,TRUE,EXCEPTION_MSG,NONE
Case_307,PASS,FAILING_POINTS,0,LARGEST_ERROR,2.22045e-16,SUPPORTED,TRUE,EXCEPTION_MSG,NONE
Case_308,PASS,FAILING_POINTS,0,LARGEST_ERROR,1.36894e-13,SUPPORTED,TRUE,EXCEPTION_MSG,NONE
Case_309,PASS,FAILING_POINTS,0,LARGEST_ERROR,3.56878e-10,SUPPORTED,TRUE,EXCEPTION_MSG,NONE
Case_310,PASS,FAILING_POINTS,0,LARGEST_ERROR,1.03611e-07,SUPPORTED,TRUE,EXCEPTION_MSG,NONE
Case_311,PASS,FAILING_POINTS,0,LARGEST_ERROR,1.35164e-07,SUPPORTED,TRUE,EXCEPTION_MSG,NONE
Case_312,PASS,FAILING_POINTS,0,LARGEST_ERROR,1.35164e-07,SUPPORTED,TRUE,EXCEPTION_MSG,NONE
Case_313,PASS,FAILING_POINTS,0,LARGEST_ERROR,2.89717e-07,SUPPORTED,TRUE,EXCEPTION_MSG,NONE
Case_314,PASS,FAILING_POINTS,0,LARGEST_ERROR,1.76666e-07,SUPPORTED,TRUE,EXCEPTION_MSG,NONE
Case_315,PASS,FAILING_POINTS,0,LARGEST_ERROR,1.84508e-08,SUPPORTED,TRUE,EXCEPTION_MSG,NONE
Case_316,PASS,FAILING_POINTS,0,LARGEST_ERROR,3.20764e-07,SUPPORTED,TRUE,EXCEPTION_MSG,NONE
Case_317,PASS,FAILING_POINTS,0,LARGEST_ERROR,3.15697e-07,SUPPORTED,TRUE,EXCEPTION_MSG,NONE
Case_318,PASS,FAILING_POINTS,0,LARGEST_ERROR,3.15697e-07,SUPPORTED,TRUE,EXCEPTION_MSG,NONE
Case_319,PASS,FAILING_POINTS,0,LARGEST_ERROR,4.97631e-06,SUPPORTED,TRUE,EXCEPTION_MSG,NONE
Case_320,PASS,FAILING_POINTS,0,LARGEST_ERROR,4.70464e-06,SUPPORTED,TRUE,EXCEPTION_MSG,NONE
Case_321,PASS,FAILING_POINTS,0,LARGEST_ERROR,4.96295e-06,SUPPORTED,TRUE,EXCEPTION_MSG,NONE
Case_322,PASS,FAILING_POINTS,0,LARGEST_ERROR,5.12678e-11,SUPPORTED,TRUE,EXCEPTION_MSG,NONE
Case_323,PASS,FAILING_POINTS,0,LARGEST_ERROR,4.19947e-13,SUPPORTED,TRUE,EXCEPTION_MSG,NONE
Case_324,PASS,FAILING_POINTS,0,LARGEST_ERROR,5.12934e-11,SUPPORTED,TRUE,EXCEPTION_MSG,NONE
Case_325,PASS,FAILING_POINTS,0,LARGEST_ERROR,4.91229e-06,SUPPORTED,TRUE,EXCEPTION_MSG,NONE
Case_326,PASS,FAILING_POINTS,0,LARGEST_ERROR,4.86293e-06,SUPPORTED,TRUE,EXCEPTION_MSG,NONE
Case_327,PASS,FAILING_POINTS,0,LARGEST_ERROR,4.88661e-06,SUPPORTED,TRUE,EXCEPTION_MSG,NONE
Case_328,PASS,FAILING_POINTS,0,LARGEST_ERROR,3.60299e-07,SUPPORTED,TRUE,EXCEPTION_MSG,NONE
Case_329,PASS,FAILING_POINTS,0,LARGEST_ERROR,9.6722e-08,SUPPORTED,TRUE,EXCEPTION_MSG,NONE
Case_330,PASS,FAILING_POINTS,0,LARGEST_ERROR,2.0428e-09,SUPPORTED,TRUE,EXCEPTION_MSG,NONE
Case_331,PASS,FAILING_POINTS,0,LARGEST_ERROR,3.11928e-09,SUPPORTED,TRUE,EXCEPTION_MSG,NONE
Case_332,PASS,FAILING_POINTS,0,LARGEST_ERROR,3.24141e-15,SUPPORTED,TRUE,EXCEPTION_MSG,NONE
Case_333,PASS,FAILING_POINTS,0,LARGEST_ERROR,4.85333e-08,SUPPORTED,TRUE,EXCEPTION_MSG,NONE
Case_334,PASS,FAILING_POINTS,0,LARGEST_ERROR,2.16823e-12,SUPPORTED,TRUE,EXCEPTION_MSG,NONE
Case_335,PASS,FAILING_POINTS,0,LARGEST_ERROR,8.88178e-16,SUPPORTED,TRUE,EXCEPTION_MSG,NONE
Case_336,PASS,FAILING_POINTS,0,LARGEST_ERROR,1.19423e-09,SUPPORTED,TRUE,EXCEPTION_MSG,NONE
Case_337,FAIL,FAILING_POINTS,51,LARGEST_ERROR,0.05,SUPPORTED,TRUE,EXCEPTION_MSG,NONE
Case_338,PASS,FAILING_POINTS,0,LARGEST_ERROR,4.95619e-12,SUPPORTED,TRUE,EXCEPTION_MSG,NONE
Case_339,PASS,FAILING_POINTS,0,LARGEST_ERROR,3.3099e-15,SUPPORTED,TRUE,EXCEPTION_MSG,NONE
Case_340,FAIL,FAILING_POINTS,51,LARGEST_ERROR,5e-07,SUPPORTED,TRUE,EXCEPTION_MSG,NONE
Case_341,FAIL,FAILING_POINTS,100,LARGEST_ERROR,3.41066e-07,SUPPORTED,TRUE,EXCEPTION_MSG,NONE
Case_342,FAIL,FAILING_POINTS,51,LARGEST_ERROR,5e-07,SUPPORTED,TRUE,EXCEPTION_MSG,NONE
Case_343,PASS,FAILING_POINTS,0,LARGEST_ERROR,1.77636e-15,SUPPORTED,TRUE,EXCEPTION_MSG,NONE
Case_344,FAIL,FAILING_POINTS,51,LARGEST_ERROR,0.0025,SUPPORTED,TRUE,EXCEPTION_MSG,NONE
Case_345,FAIL,FAILING_POINTS,51,LARGEST_ERROR,0.0025,SUPPORTED,TRUE,EXCEPTION_MSG,NONE
Case_346,FAIL,FAILING_POINTS,48,LARGEST_ERROR,0.00432224,SUPPORTED,TRUE,EXCEPTION_MSG,NONE
Case_347,FAIL,FAILING_POINTS,100,LARGEST_ERROR,0.0110827,SUPPORTED,TRUE,EXCEPTION_MSG,NONE
Case_348,PASS,FAILING_POINTS,0,LARGEST_ERROR,2.55331e-08,SUPPORTED,TRUE,EXCEPTION_MSG,NONE
Case_349,PASS,FAILING_POINTS,0,LARGEST_ERROR,1.21401e-07,SUPPORTED,TRUE,EXCEPTION_MSG,NONE
Case_350,PASS,FAILING_POINTS,0,LARGEST_ERROR,4.24135e-08,SUPPORTED,TRUE,EXCEPTION_MSG,NONE
Case_351,PASS,FAILING_POINTS,0,LARGEST_ERROR,8.23806e-11,SUPPORTED,TRUE,EXCEPTION_MSG,NONE
Case_352,PASS,FAILING_POINTS,0,LARGEST_ERROR,9.56439e-10,SUPPORTED,TRUE,EXCEPTION_MSG,NONE
Case_353,PASS,FAILING_POINTS,0,LARGEST_ERROR,5.39543e-09,SUPPORTED,TRUE,EXCEPTION_MSG,NONE
Case_354,PASS,FAILING_POINTS,0,LARGEST_ERROR,4.94559e-09,SUPPORTED,TRUE,EXCEPTION_MSG,NONE
Case_355,PASS,FAILING_POINTS,0,LARGEST_ERROR,6.71228e-09,SUPPORTED,TRUE,EXCEPTION_MSG,NONE
Case_356,PASS,FAILING_POINTS,0,LARGEST_ERROR,4.36994e-08,SUPPORTED,TRUE,EXCEPTION_MSG,NONE
Case_357,PASS,FAILING_POINTS,0,LARGEST_ERROR,3.81656e-08,SUPPORTED,TRUE,EXCEPTION_MSG,NONE
Case_358,PASS,FAILING_POINTS,0,LARGEST_ERROR,1.02597e-07,SUPPORTED,TRUE,EXCEPTION_MSG,NONE
Case_359,PASS,FAILING_POINTS,0,LARGEST_ERROR,1.22204e-08,SUPPORTED,TRUE,EXCEPTION_MSG,NONE
Case_360,PASS,FAILING_POINTS,0,LARGEST_ERROR,2.07535e-08,SUPPORTED,TRUE,EXCEPTION_MSG,NONE
Case_361,PASS,FAILING_POINTS,0,LARGEST_ERROR,3.35734e-09,SUPPORTED,TRUE,EXCEPTION_MSG,NONE
Case_362,PASS,FAILING_POINTS,0,LARGEST_ERROR,2.46715e-08,SUPPORTED,TRUE,EXCEPTION_MSG,NONE
Case_363,PASS,FAILING_POINTS,0,LARGEST_ERROR,5.48589e-09,SUPPORTED,TRUE,EXCEPTION_MSG,NONE
Case_364,PASS,FAILING_POINTS,0,LARGEST_ERROR,4.36255e-09,SUPPORTED,TRUE,EXCEPTION_MSG,NONE
Case_365,PASS,FAILING_POINTS,0,LARGEST_ERROR,1.95092e-09,SUPPORTED,TRUE,EXCEPTION_MSG,NONE
Case_366,PASS,FAILING_POINTS,0,LARGEST_ERROR,6.20494e-09,SUPPORTED,TRUE,EXCEPTION_MSG,NONE
Case_367,PASS,FAILING_POINTS,0,LARGEST_ERROR,4.95045e-09,SUPPORTED,TRUE,EXCEPTION_MSG,NONE
Case_368,PASS,FAILING_POINTS,0,LARGEST_ERROR,1.46956e-08,SUPPORTED,TRUE,EXCEPTION_MSG,NONE
Case_369,PASS,FAILING_POINTS,0,LARGEST_ERROR,3.76549e-08,SUPPORTED,TRUE,EXCEPTION_MSG,NONE
Case_370,PASS,FAILING_POINTS,0,LARGEST_ERROR,2.67395e-07,SUPPORTED,TRUE,EXCEPTION_MSG,NONE
Case_371,PASS,FAILING_POINTS,0,LARGEST_ERROR,1.58535e-07,SUPPORTED,TRUE,EXCEPTION_MSG,NONE
Case_372,PASS,FAILING_POINTS,0,LARGEST_ERROR,3.63665e-11,SUPPORTED,TRUE,EXCEPTION_MSG,NONE
Case_373,PASS,FAILING_POINTS,0,LARGEST_ERROR,2.98483e-08,SUPPORTED,TRUE,EXCEPTION_MSG,NONE
Case_374,FAIL,FAILING_POINTS,0,LARGEST_ERROR,1,SUPPORTED,TRUE,EXCEPTION_MSG,KNOWN_PROBLEM
Case_375,PASS,FAILING_POINTS,0,LARGEST_ERROR,1.5519e-08,SUPPORTED,TRUE,EXCEPTION_MSG,NONE
Case_376,PASS,FAILING_POINTS,0,LARGEST_ERROR,1.06184e-08,SUPPORTED,TRUE,EXCEPTION_MSG,NONE
Case_377,PASS,FAILING_POINTS,0,LARGEST_ERROR,3.49676e-08,SUPPORTED,TRUE,EXCEPTION_MSG,NONE
Case_378,PASS,FAILING_POINTS,0,LARGEST_ERROR,9.93434e-09,SUPPORTED,TRUE,EXCEPTION_MSG,NONE
Case_379,PASS,FAILING_POINTS,0,LARGEST_ERROR,1.06184e-08,SUPPORTED,TRUE,EXCEPTION_MSG,NONE
Case_380,PASS,FAILING_POINTS,0,LARGEST_ERROR,4.4928e-08,SUPPORTED,TRUE,EXCEPTION_MSG,NONE
Case_381,PASS,FAILING_POINTS,0,LARGEST_ERROR,2.17512e-08,SUPPORTED,TRUE,EXCEPTION_MSG,NONE
Case_382,PASS,FAILING_POINTS,0,LARGEST_ERROR,3.37753e-08,SUPPORTED,TRUE,EXCEPTION_MSG,NONE
Case_383,PASS,FAILING_POINTS,0,LARGEST_ERROR,1.10693e-07,SUPPORTED,TRUE,EXCEPTION_MSG,NONE
Case_384,PASS,FAILING_POINTS,0,LARGEST_ERROR,6.12248e-13,SUPPORTED,TRUE,EXCEPTION_MSG,NONE
Case_385,PASS,FAILING_POINTS,0,LARGEST_ERROR,6.96101e-11,SUPPORTED,TRUE,EXCEPTION_MSG,NONE
Case_386,PASS,FAILING_POINTS,0,LARGEST_ERROR,5.96774e-10,SUPPORTED,TRUE,EXCEPTION_MSG,NONE
Case_387,PASS,FAILING_POINTS,0,LARGEST_ERROR,4.09129e-09,SUPPORTED,TRUE,EXCEPTION_MSG,NONE
Case_388,PASS,FAILING_POINTS,0,LARGEST_ERROR,4.09129e-09,SUPPORTED,TRUE,EXCEPTION_MSG,NONE
Case_389,PASS,FAILING_POINTS,0,LARGEST_ERROR,1.01849e-08,SUPPORTED,TRUE,EXCEPTION_MSG,NONE
Case_390,PASS,FAILING_POINTS,0,LARGEST_ERROR,6.54411e-09,SUPPORTED,TRUE,EXCEPTION_MSG,NONE
Case_391,PASS,FAILING_POINTS,0,LARGEST_ERROR,6.08361e-12,SUPPORTED,TRUE,EXCEPTION_MSG,NONE
Case_392,PASS,FAILING_POINTS,0,LARGEST_ERROR,8.23805e-11,SUPPORTED,TRUE,EXCEPTION_MSG,NONE
Case_393,PASS,FAILING_POINTS,0,LARGEST_ERROR,1.54426e-07,SUPPORTED,TRUE,EXCEPTION_MSG,NONE
Case_394,PASS,FAILING_POINTS,0,LARGEST_ERROR,1.54426e-07,SUPPORTED,TRUE,EXCEPTION_MSG,NONE
Case_395,PASS,FAILING_POINTS,0,LARGEST_ERROR,4.60086e-08,SUPPORTED,TRUE,EXCEPTION_MSG,NONE
Case_396,FAIL,FAILING_POINTS,111,LARGEST_ERROR,0.746132,SUPPORTED,TRUE,EXCEPTION_MSG,NONE
Case_397,FAIL,FAILING_POINTS,133,LARGEST_ERROR,0.738082,SUPPORTED,TRUE,EXCEPTION_MSG,NONE
Case_398,FAIL,FAILING_POINTS,131,LARGEST_ERROR,0.253992,SUPPORTED,TRUE,EXCEPTION_MSG,NONE
Case_399,PASS,FAILING_POINTS,0,LARGEST_ERROR,3.63291e-08,SUPPORTED,TRUE,EXCEPTION_MSG,NONE
Case_400,PASS,FAILING_POINTS,0,LARGEST_ERROR,6.52734e-08,SUPPORTED,TRUE,EXCEPTION_MSG,NONE
Case_401,PASS,FAILING_POINTS,0,LARGEST_ERROR,1.38206e-07,SUPPORTED,TRUE,EXCEPTION_MSG,NONE
Case_402,FAIL,FAILING_POINTS,129,LARGEST_ERROR,0.972429,SUPPORTED,TRUE,EXCEPTION_MSG,NONE
Case_403,FAIL,FAILING_POINTS,52,LARGEST_ERROR,0.943749,SUPPORTED,TRUE,EXCEPTION_MSG,NONE
Case_404,FAIL,FAILING_POINTS,101,LARGEST_ERROR,0.941574,SUPPORTED,TRUE,EXCEPTION_MSG,NONE
Case_405,PASS,FAILING_POINTS,0,LARGEST_ERROR,4.57362e-09,SUPPORTED,TRUE,EXCEPTION_MSG,NONE
Case_406,PASS,FAILING_POINTS,0,LARGEST_ERROR,4.84471e-08,SUPPORTED,TRUE,EXCEPTION_MSG,NONE
Case_407,PASS,FAILING_POINTS,0,LARGEST_ERROR,7.86582e-08,SUPPORTED,TRUE,EXCEPTION_MSG,NONE
Case_408,PASS,FAILING_POINTS,0,LARGEST_ERROR,5.17028e-10,SUPPORTED,TRUE,EXCEPTION_MSG,NONE
Case_409,PASS,FAILING_POINTS,0,LARGEST_ERROR,8.47083e-07,SUPPORTED,TRUE,EXCEPTION_MSG,NONE
Case_410,PASS,FAILING_POINTS,0,LARGEST_ERROR,5.81945e-06,SUPPORTED,TRUE,EXCEPTION_MSG,NONE
Case_411,PASS,FAILING_POINTS,0,LARGEST_ERROR,4.01922e-09,SUPPORTED,TRUE,EXCEPTION_MSG,NONE
Case_412,PASS,FAILING_POINTS,0,LARGEST_ERROR,4.01922e-09,SUPPORTED,TRUE,EXCEPTION_MSG,NONE
Case_413,PASS,FAILING_POINTS,0,LARGEST_ERROR,2.98693e-08,SUPPORTED,TRUE,EXCEPTION_MSG,NONE
Case_414,PASS,FAILING_POINTS,0,LARGEST_ERROR,2.62378e-08,SUPPORTED,TRUE,EXCEPTION_MSG,NONE
Case_415,PASS,FAILING_POINTS,0,LARGEST_ERROR,1.34848e-07,SUPPORTED,TRUE,EXCEPTION_MSG,NONE
Case_416,PASS,FAILING_POINTS,0,LARGEST_ERROR,2.80582e-08,SUPPORTED,TRUE,EXCEPTION_MSG,NONE
Case_417,PASS,FAILING_POINTS,0,LARGEST_ERROR,4.09352e-09,SUPPORTED,TRUE,EXCEPTION_MSG,NONE
Case_418,PASS,FAILING_POINTS,0,LARGEST_ERROR,4.63543e-09,SUPPORTED,TRUE,EXCEPTION_MSG,NONE
Case_419,PASS,FAILING_POINTS,0,LARGEST_ERROR,2.20249e-08,SUPPORTED,TRUE,EXCEPTION_MSG,NONE
Case_420,PASS,FAILING_POINTS,0,LARGEST_ERROR,2.87148e-09,SUPPORTED,TRUE,EXCEPTION_MSG,NONE
Case_421,PASS,FAILING_POINTS,0,LARGEST_ERROR,4.36816e-09,SUPPORTED,TRUE,EXCEPTION_MSG,NONE
Case_422,PASS,FAILING_POINTS,0,LARGEST_ERROR,6.46821e-09,SUPPORTED,TRUE,EXCEPTION_MSG,NONE
Case_423,PASS,FAILING_POINTS,0,LARGEST_ERROR,1.3087e-08,SUPPORTED,TRUE,EXCEPTION_MSG,NONE
Case_424,PASS,FAILING_POINTS,0,LARGEST_ERROR,7.91009e-09,SUPPORTED,TRUE,EXCEPTION_MSG,NONE
Case_425,PASS,FAILING_POINTS,0,LARGEST_ERROR,4.77725e-09,SUPPORTED,TRUE,EXCEPTION_MSG,NONE
Case_426,PASS,FAILING_POINTS,0,LARGEST_ERROR,6.28659e-05,SUPPORTED,TRUE,EXCEPTION_MSG,NONE
Case_427,PASS,FAILING_POINTS,0,LARGEST_ERROR,0.000289244,SUPPORTED,TRUE,EXCEPTION_MSG,NONE
Case_428,PASS,FAILING_POINTS,0,LARGEST_ERROR,5.68807e-06,SUPPORTED,TRUE,EXCEPTION_MSG,NONE
Case_429,PASS,FAILING_POINTS,0,LARGEST_ERROR,1.08775e-06,SUPPORTED,TRUE,EXCEPTION_MSG,NONE
Case_430,PASS,FAILING_POINTS,0,LARGEST_ERROR,4.08229e-07,SUPPORTED,TRUE,EXCEPTION_MSG,NONE
Case_431,PASS,FAILING_POINTS,0,LARGEST_ERROR,1.57294e-05,SUPPORTED,TRUE,EXCEPTION_MSG,NONE
Case_432,PASS,FAILING_POINTS,0,LARGEST_ERROR,2.66586e-08,SUPPORTED,TRUE,EXCEPTION_MSG,NONE
Case_433,PASS,FAILING_POINTS,0,LARGEST_ERROR,6.81929e-09,SUPPORTED,TRUE,EXCEPTION_MSG,NONE
Case_434,PASS,FAILING_POINTS,0,LARGEST_ERROR,9.77457e-09,SUPPORTED,TRUE,EXCEPTION_MSG,NONE
Case_435,PASS,FAILING_POINTS,0,LARGEST_ERROR,1.69786e-08,SUPPORTED,TRUE,EXCEPTION_MSG,NONE
Case_436,PASS,FAILING_POINTS,0,LARGEST_ERROR,5.45507e-09,SUPPORTED,TRUE,EXCEPTION_MSG,NONE
Case_437,PASS,FAILING_POINTS,0,LARGEST_ERROR,4.41843e-08,SUPPORTED,TRUE,EXCEPTION_MSG,NONE
Case_438,PASS,FAILING_POINTS,0,LARGEST_ERROR,5.05745e-08,SUPPORTED,TRUE,EXCEPTION_MSG,NONE
Case_439,PASS,FAILING_POINTS,0,LARGEST_ERROR,9.70356e-08,SUPPORTED,TRUE,EXCEPTION_MSG,NONE
Case_440,PASS,FAILING_POINTS,0,LARGEST_ERROR,4.95789e-08,SUPPORTED,TRUE,EXCEPTION_MSG,NONE
Case_441,PASS,FAILING_POINTS,0,LARGEST_ERROR,3.80471e-09,SUPPORTED,TRUE,EXCEPTION_MSG,NONE
Case_442,PASS,FAILING_POINTS,0,LARGEST_ERROR,8.64659e-12,SUPPORTED,TRUE,EXCEPTION_MSG,NONE
Case_443,PASS,FAILING_POINTS,0,LARGEST_ERROR,8.30974e-11,SUPPORTED,TRUE,EXCEPTION_MSG,NONE
Case_444,PASS,FAILING_POINTS,0,LARGEST_ERROR,3.59593e-08,SUPPORTED,TRUE,EXCEPTION_MSG,NONE
Case_445,PASS,FAILING_POINTS,0,LARGEST_ERROR,1.22742e-08,SUPPORTED,TRUE,EXCEPTION_MSG,NONE
Case_446,PASS,FAILING_POINTS,0,LARGEST_ERROR,1.26367e-08,SUPPORTED,TRUE,EXCEPTION_MSG,NONE
Case_447,PASS,FAILING_POINTS,0,LARGEST_ERROR,1.35147e-09,SUPPORTED,TRUE,EXCEPTION_MSG,NONE
Case_448,PASS,FAILING_POINTS,0,LARGEST_ERROR,1.3275e-08,SUPPORTED,TRUE,EXCEPTION_MSG,NONE
Case_449,PASS,FAILING_POINTS,0,LARGEST_ERROR,1.01205e-11,SUPPORTED,TRUE,EXCEPTION_MSG,NONE
Case_450,PASS,FAILING_POINTS,0,LARGEST_ERROR,3.36577e-07,SUPPORTED,TRUE,EXCEPTION_MSG,NONE
Case_451,PASS,FAILING_POINTS,0,LARGEST_ERROR,2.07741e-07,SUPPORTED,TRUE,EXCEPTION_MSG,NONE
Case_452,PASS,FAILING_POINTS,0,LARGEST_ERROR,1.14307e-07,SUPPORTED,TRUE,EXCEPTION_MSG,NONE
Case_453,FAIL,FAILING_POINTS,50,LARGEST_ERROR,0.438987,SUPPORTED,TRUE,EXCEPTION_MSG,NONE
Case_454,FAIL,FAILING_POINTS,90,LARGEST_ERROR,0.523013,SUPPORTED,TRUE,EXCEPTION_MSG,NONE
Case_455,FAIL,FAILING_POINTS,51,LARGEST_ERROR,0.572253,SUPPORTED,TRUE,EXCEPTION_MSG,NONE
Case_456,PASS,FAILING_POINTS,0,LARGEST_ERROR,0.000742783,SUPPORTED,TRUE,EXCEPTION_MSG,NONE
Case_457,PASS,FAILING_POINTS,0,LARGEST_ERROR,1.6872e-05,SUPPORTED,TRUE,EXCEPTION_MSG,NONE
Case_458,PASS,FAILING_POINTS,0,LARGEST_ERROR,3.22091e-05,SUPPORTED,TRUE,EXCEPTION_MSG,NONE
Case_459,FAIL,FAILING_POINTS,66,LARGEST_ERROR,1.27753,SUPPORTED,TRUE,EXCEPTION_MSG,NONE
Case_460,FAIL,FAILING_POINTS,53,LARGEST_ERROR,0.00479719,SUPPORTED,TRUE,EXCEPTION_MSG,NONE
Case_461,FAIL,FAILING_POINTS,63,LARGEST_ERROR,0.00916059,SUPPORTED,TRUE,EXCEPTION_MSG,NONE
Case_462,PASS,FAILING_POINTS,0,LARGEST_ERROR,3.29752e-12,SUPPORTED,TRUE,EXCEPTION_MSG,NONE
Case_463,PASS,FAILING_POINTS,0,LARGEST_ERROR,5.36173e-09,SUPPORTED,TRUE,EXCEPTION_MSG,NONE
Case_464,PASS,FAILING_POINTS,0,LARGEST_ERROR,8.88178e-16,SUPPORTED,TRUE,EXCEPTION_MSG,NONE
Case_465,PASS,FAILING_POINTS,0,LARGEST_ERROR,1.10698e-10,SUPPORTED,TRUE,EXCEPTION_MSG,NONE
Case_466,PASS,FAILING_POINTS,0,LARGEST_ERROR,4.22394e-13,SUPPORTED,TRUE,EXCEPTION_MSG,NONE
Case_467,PASS,FAILING_POINTS,0,LARGEST_ERROR,2.92132e-10,SUPPORTED,TRUE,EXCEPTION_MSG,NONE
Case_468,PASS,FAILING_POINTS,0,LARGEST_ERROR,3.47194e-15,SUPPORTED,TRUE,EXCEPTION_MSG,NONE
Case_469,PASS,FAILING_POINTS,0,LARGEST_ERROR,4.99862e-06,SUPPORTED,TRUE,EXCEPTION_MSG,NONE
Case_470,PASS,FAILING_POINTS,0,LARGEST_ERROR,4.99862e-06,SUPPORTED,TRUE,EXCEPTION_MSG,NONE
Case_471,PASS,FAILING_POINTS,0,LARGEST_ERROR,4.99862e-06,SUPPORTED,TRUE,EXCEPTION_MSG,NONE
Case_472,PASS,FAILING_POINTS,0,LARGEST_ERROR,4.99862e-06,SUPPORTED,TRUE,EXCEPTION_MSG,NONE
Case_473,PASS,FAILING_POINTS,0,LARGEST_ERROR,4.99862e-06,SUPPORTED,TRUE,EXCEPTION_MSG,NONE
Case_474,PASS,FAILING_POINTS,0,LARGEST_ERROR,1.22673e-10,SUPPORTED,TRUE,EXCEPTION_MSG,NONE
Case_475,PASS,FAILING_POINTS,0,LARGEST_ERROR,2.22503e-12,SUPPORTED,TRUE,EXCEPTION_MSG,NONE
Case_476,PASS,FAILING_POINTS,0,LARGEST_ERROR,7.64044e-10,SUPPORTED,TRUE,EXCEPTION_MSG,NONE
Case_477,PASS,FAILING_POINTS,0,LARGEST_ERROR,3.08065e-11,SUPPORTED,TRUE,EXCEPTION_MSG,NONE
Case_478,PASS,FAILING_POINTS,0,LARGEST_ERROR,1.10698e-10,SUPPORTED,TRUE,EXCEPTION_MSG,NONE
Case_479,PASS,FAILING_POINTS,0,LARGEST_ERROR,1.92521e-12,SUPPORTED,TRUE,EXCEPTION_MSG,NONE
Case_480,PASS,FAILING_POINTS,0,LARGEST_ERROR,7.74293e-10,SUPPORTED,TRUE,EXCEPTION_MSG,NONE
Case_481,PASS,FAILING_POINTS,0,LARGEST_ERROR,3.08065e-11,SUPPORTED,TRUE,EXCEPTION_MSG,NONE
Case_482,PASS,FAILING_POINTS,0,LARGEST_ERROR,1.10698e-10,SUPPORTED,TRUE,EXCEPTION_MSG,NONE
Case_483,PASS,FAILING_POINTS,0,LARGEST_ERROR,3.61533e-12,SUPPORTED,TRUE,EXCEPTION_MSG,NONE
Case_484,PASS,FAILING_POINTS,0,LARGEST_ERROR,7.44912e-10,SUPPORTED,TRUE,EXCEPTION_MSG,NONE
Case_485,PASS,FAILING_POINTS,0,LARGEST_ERROR,3.09253e-11,SUPPORTED,TRUE,EXCEPTION_MSG,NONE
Case_486,PASS,FAILING_POINTS,0,LARGEST_ERROR,3.92896e-09,SUPPORTED,TRUE,EXCEPTION_MSG,NONE
Case_487,PASS,FAILING_POINTS,0,LARGEST_ERROR,3.92896e-09,SUPPORTED,TRUE,EXCEPTION_MSG,NONE
Case_488,PASS,FAILING_POINTS,0,LARGEST_ERROR,3.92896e-09,SUPPORTED,TRUE,EXCEPTION_MSG,NONE
Case_489,PASS,FAILING_POINTS,0,LARGEST_ERROR,1.22673e-10,SUPPORTED,TRUE,EXCEPTION_MSG,NONE
Case_490,PASS,FAILING_POINTS,0,LARGEST_ERROR,2.22503e-12,SUPPORTED,TRUE,EXCEPTION_MSG,NONE
Case_491,PASS,FAILING_POINTS,0,LARGEST_ERROR,7.64044e-10,SUPPORTED,TRUE,EXCEPTION_MSG,NONE
Case_492,PASS,FAILING_POINTS,0,LARGEST_ERROR,1.71688e-07,SUPPORTED,TRUE,EXCEPTION_MSG,NONE
Case_493,PASS,FAILING_POINTS,0,LARGEST_ERROR,5.63318e-09,SUPPORTED,TRUE,EXCEPTION_MSG,NONE
Case_494,PASS,FAILING_POINTS,0,LARGEST_ERROR,1.71688e-07,SUPPORTED,TRUE,EXCEPTION_MSG,NONE
Case_495,PASS,FAILING_POINTS,0,LARGEST_ERROR,3.15501e-13,SUPPORTED,TRUE,EXCEPTION_MSG,NONE
Case_496,PASS,FAILING_POINTS,0,LARGEST_ERROR,2.10552e-09,SUPPORTED,TRUE,EXCEPTION_MSG,NONE
Case_497,PASS,FAILING_POINTS,0,LARGEST_ERROR,3.97e-11,SUPPORTED,TRUE,EXCEPTION_MSG,NONE
Case_498,PASS,FAILING_POINTS,0,LARGEST_ERROR,5.68434e-14,SUPPORTED,TRUE,EXCEPTION_MSG,NONE
Case_499,PASS,FAILING_POINTS,0,LARGEST_ERROR,5.68434e-14,SUPPORTED,TRUE,EXCEPTION_MSG,NONE
Case_500,PASS,FAILING_POINTS,0,LARGEST_ERROR,5.68434e-14,SUPPORTED,TRUE,EXCEPTION_MSG,NONE
Case_501,PASS,FAILING_POINTS,0,LARGEST_ERROR,7.88905e-11,SUPPORTED,TRUE,EXCEPTION_MSG,NONE
Case_502,PASS,FAILING_POINTS,0,LARGEST_ERROR,6.99267e-10,SUPPORTED,TRUE,EXCEPTION_MSG,NONE
Case_503,PASS,FAILING_POINTS,0,LARGEST_ERROR,7.91633e-12,SUPPORTED,TRUE,EXCEPTION_MSG,NONE
Case_504,PASS,FAILING_POINTS,0,LARGEST_ERROR,2.11072e-09,SUPPORTED,TRUE,EXCEPTION_MSG,NONE
Case_505,PASS,FAILING_POINTS,0,LARGEST_ERROR,2.08862e-11,SUPPORTED,TRUE,EXCEPTION_MSG,NONE
Case_506,PASS,FAILING_POINTS,0,LARGEST_ERROR,2.35896e-10,SUPPORTED,TRUE,EXCEPTION_MSG,NONE
Case_507,PASS,FAILING_POINTS,0,LARGEST_ERROR,9.12012e-08,SUPPORTED,TRUE,EXCEPTION_MSG,NONE
Case_508,PASS,FAILING_POINTS,0,LARGEST_ERROR,9.12012e-08,SUPPORTED,TRUE,EXCEPTION_MSG,NONE
Case_509,PASS,FAILING_POINTS,0,LARGEST_ERROR,9.12012e-08,SUPPORTED,TRUE,EXCEPTION_MSG,NONE
Case_510,PASS,FAILING_POINTS,0,LARGEST_ERROR,4.95895e-06,SUPPORTED,TRUE,EXCEPTION_MSG,NONE
Case_511,PASS,FAILING_POINTS,0,LARGEST_ERROR,4.95895e-06,SUPPORTED,TRUE,EXCEPTION_MSG,NONE
Case_512,PASS,FAILING_POINTS,0,LARGEST_ERROR,4.95895e-06,SUPPORTED,TRUE,EXCEPTION_MSG,NONE
Case_513,PASS,FAILING_POINTS,0,LARGEST_ERROR,1.55831e-12,SUPPORTED,TRUE,EXCEPTION_MSG,NONE
Case_514,PASS,FAILING_POINTS,0,LARGEST_ERROR,8.91178e-10,SUPPORTED,TRUE,EXCEPTION_MSG,NONE
Case_515,PASS,FAILING_POINTS,0,LARGEST_ERROR,2.09494e-11,SUPPORTED,TRUE,EXCEPTION_MSG,NONE
Case_516,PASS,FAILING_POINTS,0,LARGEST_ERROR,4.95895e-06,SUPPORTED,TRUE,EXCEPTION_MSG,NONE
Case_517,PASS,FAILING_POINTS,0,LARGEST_ERROR,4.95895e-06,SUPPORTED,TRUE,EXCEPTION_MSG,NONE
Case_518,PASS,FAILING_POINTS,0,LARGEST_ERROR,4.95895e-06,SUPPORTED,TRUE,EXCEPTION_MSG,NONE
Case_519,PASS,FAILING_POINTS,0,LARGEST_ERROR,2.48553e-10,SUPPORTED,TRUE,EXCEPTION_MSG,NONE
Case_520,PASS,FAILING_POINTS,0,LARGEST_ERROR,2.34752e-12,SUPPORTED,TRUE,EXCEPTION_MSG,NONE
Case_521,PASS,FAILING_POINTS,0,LARGEST_ERROR,1.39614e-09,SUPPORTED,TRUE,EXCEPTION_MSG,NONE
Case_522,PASS,FAILING_POINTS,0,LARGEST_ERROR,2.72086e-11,SUPPORTED,TRUE,EXCEPTION_MSG,NONE
Case_523,PASS,FAILING_POINTS,0,LARGEST_ERROR,1.22673e-10,SUPPORTED,TRUE,EXCEPTION_MSG,NONE
Case_524,PASS,FAILING_POINTS,0,LARGEST_ERROR,2.22503e-12,SUPPORTED,TRUE,EXCEPTION_MSG,NONE
Case_525,PASS,FAILING_POINTS,0,LARGEST_ERROR,1.94749e-08,SUPPORTED,TRUE,EXCEPTION_MSG,NONE
Case_526,PASS,FAILING_POINTS,0,LARGEST_ERROR,1.94749e-08,SUPPORTED,TRUE,EXCEPTION_MSG,NONE
Case_527,PASS,FAILING_POINTS,0,LARGEST_ERROR,1.94749e-08,SUPPORTED,TRUE,EXCEPTION_MSG,NONE
Case_528,PASS,FAILING_POINTS,0,LARGEST_ERROR,1.94749e-08,SUPPORTED,TRUE,EXCEPTION_MSG,NONE
Case_529,PASS,FAILING_POINTS,0,LARGEST_ERROR,2.19459e-11,SUPPORTED,TRUE,EXCEPTION_MSG,NONE
Case_530,PASS,FAILING_POINTS,0,LARGEST_ERROR,4.99862e-06,SUPPORTED,TRUE,EXCEPTION_MSG,NONE
Case_531,FAIL,FAILING_POINTS,0,LARGEST_ERROR,1,SUPPORTED,FALSE,EXCEPTION_MSG,NOT_SUPPORTED
Case_532,PASS,FAILING_POINTS,0,LARGEST_ERROR,1.4282e-11,SUPPORTED,TRUE,EXCEPTION_MSG,NONE
Case_533,FAIL,FAILING_POINTS,0,LARGEST_ERROR,1,SUPPORTED,FALSE,EXCEPTION_MSG,NOT_SUPPORTED
Case_534,FAIL,FAILING_POINTS,0,LARGEST_ERROR,1,SUPPORTED,FALSE,EXCEPTION_MSG,NOT_SUPPORTED
Case_535,FAIL,FAILING_POINTS,0,LARGEST_ERROR,1,SUPPORTED,FALSE,EXCEPTION_MSG,NOT_SUPPORTED
Case_536,FAIL,FAILING_POINTS,0,LARGEST_ERROR,1,SUPPORTED,FALSE,EXCEPTION_MSG,NOT_SUPPORTED
Case_537,FAIL,FAILING_POINTS,0,LARGEST_ERROR,1,SUPPORTED,FALSE,EXCEPTION_MSG,NOT_SUPPORTED
Case_538,FAIL,FAILING_POINTS,0,LARGEST_ERROR,1,SUPPORTED,FALSE,EXCEPTION_MSG,NOT_SUPPORTED
Case_539,PASS,FAILING_POINTS,0,LARGEST_ERROR,2.94549e-08,SUPPORTED,TRUE,EXCEPTION_MSG,NONE
Case_540,PASS,FAILING_POINTS,0,LARGEST_ERROR,2.87227e-15,SUPPORTED,TRUE,EXCEPTION_MSG,NONE
Case_541,PASS,FAILING_POINTS,0,LARGEST_ERROR,2.97559e-08,SUPPORTED,TRUE,EXCEPTION_MSG,NONE
Case_542,PASS,FAILING_POINTS,0,LARGEST_ERROR,3.09389e-08,SUPPORTED,TRUE,EXCEPTION_MSG,NONE
Case_543,FAIL,FAILING_POINTS,0,LARGEST_ERROR,1,SUPPORTED,FALSE,EXCEPTION_MSG,NOT_SUPPORTED
Case_544,PASS,FAILING_POINTS,0,LARGEST_ERROR,4.36867e-12,SUPPORTED,TRUE,EXCEPTION_MSG,NONE
Case_545,PASS,FAILING_POINTS,0,LARGEST_ERROR,7.0385e-13,SUPPORTED,TRUE,EXCEPTION_MSG,NONE
Case_546,FAIL,FAILING_POINTS,0,LARGEST_ERROR,1,SUPPORTED,FALSE,EXCEPTION_MSG,NOT_SUPPORTED
Case_547,PASS,FAILING_POINTS,0,LARGEST_ERROR,2.0816e-08,SUPPORTED,TRUE,EXCEPTION_MSG,NONE
Case_548,FAIL,FAILING_POINTS,0,LARGEST_ERROR,1,SUPPORTED,FALSE,EXCEPTION_MSG,NOT_SUPPORTED
Case_549,FAIL,FAILING_POINTS,0,LARGEST_ERROR,1,SUPPORTED,FALSE,EXCEPTION_MSG,NOT_SUPPORTED
Case_550,FAIL,FAILING_POINTS,0,LARGEST_ERROR,1,SUPPORTED,FALSE,EXCEPTION_MSG,NOT_SUPPORTED
Case_551,FAIL,FAILING_POINTS,0,LARGEST_ERROR,1,SUPPORTED,FALSE,EXCEPTION_MSG,NOT_SUPPORTED
Case_552,FAIL,FAILING_POINTS,0,LARGEST_ERROR,1,SUPPORTED,FALSE,EXCEPTION_MSG,NOT_SUPPORTED
Case_553,FAIL,FAILING_POINTS,0,LARGEST_ERROR,1,SUPPORTED,FALSE,EXCEPTION_MSG,NOT_SUPPORTED
Case_554,FAIL,FAILING_POINTS,0,LARGEST_ERROR,1,SUPPORTED,FALSE,EXCEPTION_MSG,NOT_SUPPORTED
Case_555,FAIL,FAILING_POINTS,0,LARGEST_ERROR,1,SUPPORTED,FALSE,EXCEPTION_MSG,NOT_SUPPORTED
Case_556,FAIL,FAILING_POINTS,0,LARGEST_ERROR,1,SUPPORTED,FALSE,EXCEPTION_MSG,NOT_SUPPORTED
Case_557,FAIL,FAILING_POINTS,0,LARGEST_ERROR,1,SUPPORTED,FALSE,EXCEPTION_MSG,NOT_SUPPORTED
Case_558,FAIL,FAILING_POINTS,0,LARGEST_ERROR,1,SUPPORTED,FALSE,EXCEPTION_MSG,NOT_SUPPORTED
Case_559,FAIL,FAILING_POINTS,0,LARGEST_ERROR,1,SUPPORTED,FALSE,EXCEPTION_MSG,NOT_SUPPORTED
Case_560,FAIL,FAILING_POINTS,0,LARGEST_ERROR,1,SUPPORTED,FALSE,EXCEPTION_MSG,NOT_SUPPORTED
Case_561,FAIL,FAILING_POINTS,0,LARGEST_ERROR,1,SUPPORTED,FALSE,EXCEPTION_MSG,NOT_SUPPORTED
Case_562,FAIL,FAILING_POINTS,0,LARGEST_ERROR,1,SUPPORTED,FALSE,EXCEPTION_MSG,NOT_SUPPORTED
Case_563,FAIL,FAILING_POINTS,0,LARGEST_ERROR,1,SUPPORTED,FALSE,EXCEPTION_MSG,NOT_SUPPORTED
Case_564,FAIL,FAILING_POINTS,0,LARGEST_ERROR,1,SUPPORTED,FALSE,EXCEPTION_MSG,NOT_SUPPORTED
Case_565,FAIL,FAILING_POINTS,0,LARGEST_ERROR,1,SUPPORTED,FALSE,EXCEPTION_MSG,NOT_SUPPORTED
Case_566,FAIL,FAILING_POINTS,0,LARGEST_ERROR,1,SUPPORTED,FALSE,EXCEPTION_MSG,NOT_SUPPORTED
Case_567,FAIL,FAILING_POINTS,0,LARGEST_ERROR,1,SUPPORTED,FALSE,EXCEPTION_MSG,NOT_SUPPORTED
Case_568,PASS,FAILING_POINTS,0,LARGEST_ERROR,1.4282e-11,SUPPORTED,TRUE,EXCEPTION_MSG,NONE
Case_569,FAIL,FAILING_POINTS,0,LARGEST_ERROR,1,SUPPORTED,FALSE,EXCEPTION_MSG,NOT_SUPPORTED
Case_570,FAIL,FAILING_POINTS,0,LARGEST_ERROR,1,SUPPORTED,FALSE,EXCEPTION_MSG,NOT_SUPPORTED
Case_571,FAIL,FAILING_POINTS,0,LARGEST_ERROR,1,SUPPORTED,FALSE,EXCEPTION_MSG,NOT_SUPPORTED
Case_572,PASS,FAILING_POINTS,0,LARGEST_ERROR,1.4282e-11,SUPPORTED,TRUE,EXCEPTION_MSG,NONE
Case_573,FAIL,FAILING_POINTS,0,LARGEST_ERROR,1,SUPPORTED,FALSE,EXCEPTION_MSG,NOT_SUPPORTED
Case_574,PASS,FAILING_POINTS,0,LARGEST_ERROR,1.42875e-11,SUPPORTED,TRUE,EXCEPTION_MSG,NONE
Case_575,FAIL,FAILING_POINTS,0,LARGEST_ERROR,1,SUPPORTED,FALSE,EXCEPTION_MSG,NOT_SUPPORTED
Case_576,FAIL,FAILING_POINTS,0,LARGEST_ERROR,1,SUPPORTED,FALSE,EXCEPTION_MSG,NOT_SUPPORTED
Case_577,PASS,FAILING_POINTS,0,LARGEST_ERROR,1.88262e-09,SUPPORTED,TRUE,EXCEPTION_MSG,NONE
Case_578,PASS,FAILING_POINTS,0,LARGEST_ERROR,8.5519e-10,SUPPORTED,TRUE,EXCEPTION_MSG,NONE
Case_579,PASS,FAILING_POINTS,0,LARGEST_ERROR,8.88178e-16,SUPPORTED,TRUE,EXCEPTION_MSG,NONE
Case_580,PASS,FAILING_POINTS,0,LARGEST_ERROR,2.0868e-11,SUPPORTED,TRUE,EXCEPTION_MSG,NONE
Case_581,PASS,FAILING_POINTS,0,LARGEST_ERROR,5.45861e-10,SUPPORTED,TRUE,EXCEPTION_MSG,NONE
Case_582,PASS,FAILING_POINTS,0,LARGEST_ERROR,3.32619e-11,SUPPORTED,TRUE,EXCEPTION_MSG,NONE
Case_583,PASS,FAILING_POINTS,0,LARGEST_ERROR,5.16414e-13,SUPPORTED,TRUE,EXCEPTION_MSG,NONE
Case_584,PASS,FAILING_POINTS,0,LARGEST_ERROR,1.07225e-14,SUPPORTED,TRUE,EXCEPTION_MSG,NONE
Case_585,PASS,FAILING_POINTS,0,LARGEST_ERROR,4.60632e-13,SUPPORTED,TRUE,EXCEPTION_MSG,NONE
Case_586,PASS,FAILING_POINTS,0,LARGEST_ERROR,3.78404e-08,SUPPORTED,TRUE,EXCEPTION_MSG,NONE
Case_587,PASS,FAILING_POINTS,0,LARGEST_ERROR,2.8031e-13,SUPPORTED,TRUE,EXCEPTION_MSG,NONE
Case_588,PASS,FAILING_POINTS,0,LARGEST_ERROR,9.44292e-09,SUPPORTED,TRUE,EXCEPTION_MSG,NONE
Case_589,PASS,FAILING_POINTS,0,LARGEST_ERROR,3.20514e-10,SUPPORTED,TRUE,EXCEPTION_MSG,NONE
Case_590,PASS,FAILING_POINTS,0,LARGEST_ERROR,1.92521e-12,SUPPORTED,TRUE,EXCEPTION_MSG,NONE
Case_591,PASS,FAILING_POINTS,0,LARGEST_ERROR,5.39573e-12,SUPPORTED,TRUE,EXCEPTION_MSG,NONE
Case_592,PASS,FAILING_POINTS,0,LARGEST_ERROR,2.70987e-09,SUPPORTED,TRUE,EXCEPTION_MSG,NONE
Case_593,PASS,FAILING_POINTS,0,LARGEST_ERROR,1.20276e-10,SUPPORTED,TRUE,EXCEPTION_MSG,NONE
Case_594,PASS,FAILING_POINTS,0,LARGEST_ERROR,4.22394e-13,SUPPORTED,TRUE,EXCEPTION_MSG,NONE
Case_595,PASS,FAILING_POINTS,0,LARGEST_ERROR,1.1663e-14,SUPPORTED,TRUE,EXCEPTION_MSG,NONE
Case_596,PASS,FAILING_POINTS,0,LARGEST_ERROR,1.58663e-12,SUPPORTED,TRUE,EXCEPTION_MSG,NONE
Case_597,PASS,FAILING_POINTS,0,LARGEST_ERROR,9.91757e-10,SUPPORTED,TRUE,EXCEPTION_MSG,NONE
Case_598,PASS,FAILING_POINTS,0,LARGEST_ERROR,4.89651e-06,SUPPORTED,TRUE,EXCEPTION_MSG,NONE
Case_599,PASS,FAILING_POINTS,0,LARGEST_ERROR,4.3806e-09,SUPPORTED,TRUE,EXCEPTION_MSG,NONE
Case_600,PASS,FAILING_POINTS,0,LARGEST_ERROR,6.20115e-15,SUPPORTED,TRUE,EXCEPTION_MSG,NONE
Case_601,PASS,FAILING_POINTS,0,LARGEST_ERROR,4.88661e-06,SUPPORTED,TRUE,EXCEPTION_MSG,NONE
Case_602,PASS,FAILING_POINTS,0,LARGEST_ERROR,2.82355e-11,SUPPORTED,TRUE,EXCEPTION_MSG,NONE
Case_603,PASS,FAILING_POINTS,0,LARGEST_ERROR,9.44292e-09,SUPPORTED,TRUE,EXCEPTION_MSG,NONE
Case_604,PASS,FAILING_POINTS,0,LARGEST_ERROR,2.87384e-11,SUPPORTED,TRUE,EXCEPTION_MSG,NONE
Case_605,PASS,FAILING_POINTS,0,LARGEST_ERROR,1.02293e-09,SUPPORTED,TRUE,EXCEPTION_MSG,NONE
Case_606,PASS,FAILING_POINTS,0,LARGEST_ERROR,9.4796e-12,SUPPORTED,TRUE,EXCEPTION_MSG,NONE
Case_607,PASS,FAILING_POINTS,0,LARGEST_ERROR,9.81274e-14,SUPPORTED,TRUE,EXCEPTION_MSG,NONE
Case_608,PASS,FAILING_POINTS,0,LARGEST_ERROR,2.34045e-08,SUPPORTED,TRUE,EXCEPTION_MSG,NONE
Case_609,PASS,FAILING_POINTS,0,LARGEST_ERROR,1.95859e-11,SUPPORTED,TRUE,EXCEPTION_MSG,NONE
Case_610,PASS,FAILING_POINTS,0,LARGEST_ERROR,1.1712e-13,SUPPORTED,TRUE,EXCEPTION_MSG,NONE
Case_611,PASS,FAILING_POINTS,0,LARGEST_ERROR,2.12631e-08,SUPPORTED,TRUE,EXCEPTION_MSG,NONE
Case_612,PASS,FAILING_POINTS,0,LARGEST_ERROR,1.4918e-13,SUPPORTED,TRUE,EXCEPTION_MSG,NONE
Case_613,FAIL,FAILING_POINTS,0,LARGEST_ERROR,1,SUPPORTED,FALSE,EXCEPTION_MSG,NOT_SUPPORTED
Case_614,FAIL,FAILING_POINTS,0,LARGEST_ERROR,1,SUPPORTED,FALSE,EXCEPTION_MSG,NOT_SUPPORTED
Case_615,FAIL,FAILING_POINTS,0,LARGEST_ERROR,1,SUPPORTED,FALSE,EXCEPTION_MSG,NOT_SUPPORTED
Case_616,PASS,FAILING_POINTS,0,LARGEST_ERROR,7.88633e-09,SUPPORTED,TRUE,EXCEPTION_MSG,NONE
Case_617,PASS,FAILING_POINTS,0,LARGEST_ERROR,7.97907e-09,SUPPORTED,TRUE,EXCEPTION_MSG,NONE
Case_618,PASS,FAILING_POINTS,0,LARGEST_ERROR,7.1737e-10,SUPPORTED,TRUE,EXCEPTION_MSG,NONE
Case_619,PASS,FAILING_POINTS,0,LARGEST_ERROR,2.80202e-08,SUPPORTED,TRUE,EXCEPTION_MSG,NONE
Case_620,PASS,FAILING_POINTS,0,LARGEST_ERROR,6.43705e-08,SUPPORTED,TRUE,EXCEPTION_MSG,NONE
Case_621,PASS,FAILING_POINTS,0,LARGEST_ERROR,6.52651e-08,SUPPORTED,TRUE,EXCEPTION_MSG,NONE
Case_622,PASS,FAILING_POINTS,0,LARGEST_ERROR,1.62687e-08,SUPPORTED,TRUE,EXCEPTION_MSG,NONE
Case_623,PASS,FAILING_POINTS,0,LARGEST_ERROR,6.3965e-08,SUPPORTED,TRUE,EXCEPTION_MSG,NONE
Case_624,PASS,FAILING_POINTS,0,LARGEST_ERROR,6.25934e-08,SUPPORTED,TRUE,EXCEPTION_MSG,NONE
Case_625,PASS,FAILING_POINTS,0,LARGEST_ERROR,1.00371e-12,SUPPORTED,TRUE,EXCEPTION_MSG,NONE
Case_626,PASS,FAILING_POINTS,0,LARGEST_ERROR,3.54963e-13,SUPPORTED,TRUE,EXCEPTION_MSG,NONE
Case_627,PASS,FAILING_POINTS,0,LARGEST_ERROR,1.00371e-12,SUPPORTED,TRUE,EXCEPTION_MSG,NONE
Case_628,FAIL,FAILING_POINTS,0,LARGEST_ERROR,1,SUPPORTED,FALSE,EXCEPTION_MSG,NOT_SUPPORTED
Case_629,FAIL,FAILING_POINTS,0,LARGEST_ERROR,1,SUPPORTED,FALSE,EXCEPTION_MSG,NOT_SUPPORTED
Case_630,FAIL,FAILING_POINTS,0,LARGEST_ERROR,1,SUPPORTED,FALSE,EXCEPTION_MSG,NOT_SUPPORTED
Case_631,PASS,FAILING_POINTS,0,LARGEST_ERROR,7.88634e-09,SUPPORTED,TRUE,EXCEPTION_MSG,NONE
Case_632,PASS,FAILING_POINTS,0,LARGEST_ERROR,7.97907e-09,SUPPORTED,TRUE,EXCEPTION_MSG,NONE
Case_633,PASS,FAILING_POINTS,0,LARGEST_ERROR,7.17372e-10,SUPPORTED,TRUE,EXCEPTION_MSG,NONE
Case_634,PASS,FAILING_POINTS,0,LARGEST_ERROR,2.80202e-08,SUPPORTED,TRUE,EXCEPTION_MSG,NONE
Case_635,PASS,FAILING_POINTS,0,LARGEST_ERROR,2.80202e-08,SUPPORTED,TRUE,EXCEPTION_MSG,NONE
Case_636,PASS,FAILING_POINTS,0,LARGEST_ERROR,6.52651e-08,SUPPORTED,TRUE,EXCEPTION_MSG,NONE
Case_637,PASS,FAILING_POINTS,0,LARGEST_ERROR,1.62687e-08,SUPPORTED,TRUE,EXCEPTION_MSG,NONE
Case_638,PASS,FAILING_POINTS,0,LARGEST_ERROR,6.3965e-08,SUPPORTED,TRUE,EXCEPTION_MSG,NONE
Case_639,PASS,FAILING_POINTS,0,LARGEST_ERROR,6.25934e-08,SUPPORTED,TRUE,EXCEPTION_MSG,NONE
Case_640,PASS,FAILING_POINTS,0,LARGEST_ERROR,4.88979e-06,SUPPORTED,TRUE,EXCEPTION_MSG,NONE
Case_641,PASS,FAILING_POINTS,0,LARGEST_ERROR,4.94198e-06,SUPPORTED,TRUE,EXCEPTION_MSG,NONE
Case_642,PASS,FAILING_POINTS,0,LARGEST_ERROR,4.88979e-06,SUPPORTED,TRUE,EXCEPTION_MSG,NONE
Case_643,PASS,FAILING_POINTS,0,LARGEST_ERROR,1.00371e-12,SUPPORTED,TRUE,EXCEPTION_MSG,NONE
Case_644,PASS,FAILING_POINTS,0,LARGEST_ERROR,3.54963e-13,SUPPORTED,TRUE,EXCEPTION_MSG,NONE
Case_645,PASS,FAILING_POINTS,0,LARGEST_ERROR,9.99804e-13,SUPPORTED,TRUE,EXCEPTION_MSG,NONE
Case_646,PASS,FAILING_POINTS,0,LARGEST_ERROR,3.7596e-08,SUPPORTED,TRUE,EXCEPTION_MSG,NONE
Case_647,PASS,FAILING_POINTS,0,LARGEST_ERROR,6.80924e-09,SUPPORTED,TRUE,EXCEPTION_MSG,NONE
Case_648,PASS,FAILING_POINTS,0,LARGEST_ERROR,2.12034e-08,SUPPORTED,TRUE,EXCEPTION_MSG,NONE
Case_649,PASS,FAILING_POINTS,0,LARGEST_ERROR,3.96362e-08,SUPPORTED,TRUE,EXCEPTION_MSG,NONE
Case_650,PASS,FAILING_POINTS,0,LARGEST_ERROR,1.00128e-08,SUPPORTED,TRUE,EXCEPTION_MSG,NONE
Case_651,PASS,FAILING_POINTS,0,LARGEST_ERROR,1.44376e-08,SUPPORTED,TRUE,EXCEPTION_MSG,NONE
Case_652,PASS,FAILING_POINTS,0,LARGEST_ERROR,1.0543e-12,SUPPORTED,TRUE,EXCEPTION_MSG,NONE
Case_653,PASS,FAILING_POINTS,0,LARGEST_ERROR,6.57294e-13,SUPPORTED,TRUE,EXCEPTION_MSG,NONE
Case_654,PASS,FAILING_POINTS,0,LARGEST_ERROR,1.30053e-12,SUPPORTED,TRUE,EXCEPTION_MSG,NONE
Case_655,PASS,FAILING_POINTS,0,LARGEST_ERROR,2.25258e-13,SUPPORTED,TRUE,EXCEPTION_MSG,NONE
Case_656,PASS,FAILING_POINTS,0,LARGEST_ERROR,7.00138e-13,SUPPORTED,TRUE,EXCEPTION_MSG,NONE
Case_657,PASS,FAILING_POINTS,0,LARGEST_ERROR,4.6778e-13,SUPPORTED,TRUE,EXCEPTION_MSG,NONE
Case_658,FAIL,FAILING_POINTS,0,LARGEST_ERROR,1,SUPPORTED,FALSE,EXCEPTION_MSG,NOT_SUPPORTED
Case_659,FAIL,FAILING_POINTS,0,LARGEST_ERROR,1,SUPPORTED,FALSE,EXCEPTION_MSG,NOT_SUPPORTED
Case_660,FAIL,FAILING_POINTS,0,LARGEST_ERROR,1,SUPPORTED,FALSE,EXCEPTION_MSG,NOT_SUPPORTED
Case_661,FAIL,FAILING_POINTS,0,LARGEST_ERROR,1,SUPPORTED,FALSE,EXCEPTION_MSG,NOT_SUPPORTED
Case_662,FAIL,FAILING_POINTS,0,LARGEST_ERROR,1,SUPPORTED,FALSE,EXCEPTION_MSG,NOT_SUPPORTED
Case_663,FAIL,FAILING_POINTS,0,LARGEST_ERROR,1,SUPPORTED,FALSE,EXCEPTION_MSG,NOT_SUPPORTED
Case_664,FAIL,FAILING_POINTS,0,LARGEST_ERROR,1,SUPPORTED,FALSE,EXCEPTION_MSG,NOT_SUPPORTED
Case_665,FAIL,FAILING_POINTS,0,LARGEST_ERROR,1,SUPPORTED,FALSE,EXCEPTION_MSG,NOT_SUPPORTED
Case_666,FAIL,FAILING_POINTS,0,LARGEST_ERROR,1,SUPPORTED,FALSE,EXCEPTION_MSG,NOT_SUPPORTED
Case_667,PASS,FAILING_POINTS,0,LARGEST_ERROR,2.01976e-07,SUPPORTED,TRUE,EXCEPTION_MSG,NONE
Case_668,PASS,FAILING_POINTS,0,LARGEST_ERROR,1.67301e-09,SUPPORTED,TRUE,EXCEPTION_MSG,NONE
Case_669,PASS,FAILING_POINTS,0,LARGEST_ERROR,1.67635e-08,SUPPORTED,TRUE,EXCEPTION_MSG,NONE
Case_670,PASS,FAILING_POINTS,0,LARGEST_ERROR,1.73349e-14,SUPPORTED,TRUE,EXCEPTION_MSG,NONE
Case_671,PASS,FAILING_POINTS,0,LARGEST_ERROR,1.43139e-14,SUPPORTED,TRUE,EXCEPTION_MSG,NONE
Case_672,PASS,FAILING_POINTS,0,LARGEST_ERROR,1.75301e-14,SUPPORTED,TRUE,EXCEPTION_MSG,NONE
Case_673,FAIL,FAILING_POINTS,0,LARGEST_ERROR,1,SUPPORTED,FALSE,EXCEPTION_MSG,NOT_SUPPORTED
Case_674,FAIL,FAILING_POINTS,0,LARGEST_ERROR,1,SUPPORTED,FALSE,EXCEPTION_MSG,NOT_SUPPORTED
Case_675,FAIL,FAILING_POINTS,0,LARGEST_ERROR,1,SUPPORTED,FALSE,EXCEPTION_MSG,NOT_SUPPORTED
Case_676,PASS,FAILING_POINTS,0,LARGEST_ERROR,3.25794e-08,SUPPORTED,TRUE,EXCEPTION_MSG,NONE
Case_677,PASS,FAILING_POINTS,0,LARGEST_ERROR,1.12894e-08,SUPPORTED,TRUE,EXCEPTION_MSG,NONE
Case_678,PASS,FAILING_POINTS,0,LARGEST_ERROR,6.58025e-08,SUPPORTED,TRUE,EXCEPTION_MSG,NONE
Case_679,PASS,FAILING_POINTS,0,LARGEST_ERROR,8.58522e-08,SUPPORTED,TRUE,EXCEPTION_MSG,NONE
Case_680,PASS,FAILING_POINTS,0,LARGEST_ERROR,1.06659e-07,SUPPORTED,TRUE,EXCEPTION_MSG,NONE
Case_681,PASS,FAILING_POINTS,0,LARGEST_ERROR,1.72615e-07,SUPPORTED,TRUE,EXCEPTION_MSG,NONE
Case_682,PASS,FAILING_POINTS,0,LARGEST_ERROR,3.6888e-05,SUPPORTED,TRUE,EXCEPTION_MSG,NONE
Case_683,PASS,FAILING_POINTS,0,LARGEST_ERROR,8.69877e-07,SUPPORTED,TRUE,EXCEPTION_MSG,NONE
Case_684,PASS,FAILING_POINTS,0,LARGEST_ERROR,2.19591e-05,SUPPORTED,TRUE,EXCEPTION_MSG,NONE
Case_685,PASS,FAILING_POINTS,0,LARGEST_ERROR,1.0522e-08,SUPPORTED,TRUE,EXCEPTION_MSG,NONE
Case_686,PASS,FAILING_POINTS,0,LARGEST_ERROR,1.77641e-14,SUPPORTED,TRUE,EXCEPTION_MSG,NONE
Case_687,FAIL,FAILING_POINTS,0,LARGEST_ERROR,1,SUPPORTED,FALSE,EXCEPTION_MSG,NOT_SUPPORTED
Case_688,PASS,FAILING_POINTS,0,LARGEST_ERROR,2.4317e-08,SUPPORTED,TRUE,EXCEPTION_MSG,NONE
Case_689,PASS,FAILING_POINTS,0,LARGEST_ERROR,2.80204e-08,SUPPORTED,TRUE,EXCEPTION_MSG,NONE
Case_690,PASS,FAILING_POINTS,0,LARGEST_ERROR,2.33612e-08,SUPPORTED,TRUE,EXCEPTION_MSG,NONE
Case_691,PASS,FAILING_POINTS,0,LARGEST_ERROR,2.4869e-14,SUPPORTED,TRUE,EXCEPTION_MSG,NONE
Case_692,PASS,FAILING_POINTS,0,LARGEST_ERROR,1.03585e-08,SUPPORTED,TRUE,EXCEPTION_MSG,NONE
Case_693,PASS,FAILING_POINTS,0,LARGEST_ERROR,1.00532e-13,SUPPORTED,TRUE,EXCEPTION_MSG,NONE
Case_694,PASS,FAILING_POINTS,0,LARGEST_ERROR,1.00371e-12,SUPPORTED,TRUE,EXCEPTION_MSG,NONE
Case_695,FAIL,FAILING_POINTS,0,LARGEST_ERROR,1,SUPPORTED,FALSE,EXCEPTION_MSG,NOT_SUPPORTED
Case_696,FAIL,FAILING_POINTS,0,LARGEST_ERROR,1,SUPPORTED,FALSE,EXCEPTION_MSG,NOT_SUPPORTED
Case_697,PASS,FAILING_POINTS,0,LARGEST_ERROR,8.88178e-16,SUPPORTED,TRUE,EXCEPTION_MSG,NONE
Case_698,PASS,FAILING_POINTS,0,LARGEST_ERROR,7.97907e-09,SUPPORTED,TRUE,EXCEPTION_MSG,NONE
Case_699,PASS,FAILING_POINTS,0,LARGEST_ERROR,1.06581e-14,SUPPORTED,TRUE,EXCEPTION_MSG,NONE
Case_700,PASS,FAILING_POINTS,0,LARGEST_ERROR,2.80202e-08,SUPPORTED,TRUE,EXCEPTION_MSG,NONE
Case_701,PASS,FAILING_POINTS,0,LARGEST_ERROR,5.32907e-15,SUPPORTED,TRUE,EXCEPTION_MSG,NONE
Case_702,PASS,FAILING_POINTS,0,LARGEST_ERROR,1.62687e-08,SUPPORTED,TRUE,EXCEPTION_MSG,NONE
Case_703,PASS,FAILING_POINTS,0,LARGEST_ERROR,2.80359e-13,SUPPORTED,TRUE,EXCEPTION_MSG,NONE
Case_704,PASS,FAILING_POINTS,0,LARGEST_ERROR,1.00371e-12,SUPPORTED,TRUE,EXCEPTION_MSG,NONE
Case_705,FAIL,FAILING_POINTS,0,LARGEST_ERROR,1,SUPPORTED,FALSE,EXCEPTION_MSG,NOT_SUPPORTED
Case_706,PASS,FAILING_POINTS,0,LARGEST_ERROR,7.97907e-09,SUPPORTED,TRUE,EXCEPTION_MSG,NONE
Case_707,PASS,FAILING_POINTS,0,LARGEST_ERROR,6.43705e-08,SUPPORTED,TRUE,EXCEPTION_MSG,NONE
Case_708,PASS,FAILING_POINTS,0,LARGEST_ERROR,6.25934e-08,SUPPORTED,TRUE,EXCEPTION_MSG,NONE
Case_709,PASS,FAILING_POINTS,0,LARGEST_ERROR,4.88661e-06,SUPPORTED,TRUE,EXCEPTION_MSG,NONE
Case_710,PASS,FAILING_POINTS,0,LARGEST_ERROR,4.94198e-06,SUPPORTED,TRUE,EXCEPTION_MSG,NONE
Case_711,PASS,FAILING_POINTS,0,LARGEST_ERROR,4.13628e-13,SUPPORTED,TRUE,EXCEPTION_MSG,NONE
Case_712,PASS,FAILING_POINTS,0,LARGEST_ERROR,1.7181e-08,SUPPORTED,TRUE,EXCEPTION_MSG,NONE
Case_713,PASS,FAILING_POINTS,0,LARGEST_ERROR,1.77636e-15,SUPPORTED,TRUE,EXCEPTION_MSG,NONE
Case_714,PASS,FAILING_POINTS,0,LARGEST_ERROR,8.49694e-08,SUPPORTED,TRUE,EXCEPTION_MSG,NONE
Case_715,PASS,FAILING_POINTS,0,LARGEST_ERROR,1.77642e-14,SUPPORTED,TRUE,EXCEPTION_MSG,NONE
Case_716,PASS,FAILING_POINTS,0,LARGEST_ERROR,1.77645e-14,SUPPORTED,TRUE,EXCEPTION_MSG,NONE
Case_717,PASS,FAILING_POINTS,0,LARGEST_ERROR,3.30048e-08,SUPPORTED,TRUE,EXCEPTION_MSG,NONE
Case_718,PASS,FAILING_POINTS,0,LARGEST_ERROR,3.38714e-12,SUPPORTED,TRUE,EXCEPTION_MSG,NONE
Case_719,PASS,FAILING_POINTS,0,LARGEST_ERROR,8.02315e-08,SUPPORTED,TRUE,EXCEPTION_MSG,NONE
Case_720,PASS,FAILING_POINTS,0,LARGEST_ERROR,7.18558e-15,SUPPORTED,TRUE,EXCEPTION_MSG,NONE
Case_721,PASS,FAILING_POINTS,0,LARGEST_ERROR,1.04591e-12,SUPPORTED,TRUE,EXCEPTION_MSG,NONE
Case_722,PASS,FAILING_POINTS,0,LARGEST_ERROR,4.51186e-08,SUPPORTED,TRUE,EXCEPTION_MSG,NONE
Case_723,PASS,FAILING_POINTS,0,LARGEST_ERROR,7.09376e-08,SUPPORTED,TRUE,EXCEPTION_MSG,NONE
Case_724,PASS,FAILING_POINTS,0,LARGEST_ERROR,2.23444e-08,SUPPORTED,TRUE,EXCEPTION_MSG,NONE
Case_725,PASS,FAILING_POINTS,0,LARGEST_ERROR,4.34127e-11,SUPPORTED,TRUE,EXCEPTION_MSG,NONE
Case_726,PASS,FAILING_POINTS,0,LARGEST_ERROR,1.17769e-07,SUPPORTED,TRUE,EXCEPTION_MSG,NONE
Case_727,PASS,FAILING_POINTS,0,LARGEST_ERROR,3.26808e-15,SUPPORTED,TRUE,EXCEPTION_MSG,NONE
Case_728,PASS,FAILING_POINTS,0,LARGEST_ERROR,1.00371e-12,SUPPORTED,TRUE,EXCEPTION_MSG,NONE
Case_729,PASS,FAILING_POINTS,0,LARGEST_ERROR,1.19993e-07,SUPPORTED,TRUE,EXCEPTION_MSG,NONE
Case_730,PASS,FAILING_POINTS,0,LARGEST_ERROR,1.44376e-08,SUPPORTED,TRUE,EXCEPTION_MSG,NONE
Case_731,PASS,FAILING_POINTS,0,LARGEST_ERROR,1.00128e-08,SUPPORTED,TRUE,EXCEPTION_MSG,NONE
Case_732,PASS,FAILING_POINTS,0,LARGEST_ERROR,1.73696e-08,SUPPORTED,TRUE,EXCEPTION_MSG,NONE
Case_733,PASS,FAILING_POINTS,0,LARGEST_ERROR,5.86257e-15,SUPPORTED,TRUE,EXCEPTION_MSG,NONE
Case_734,PASS,FAILING_POINTS,0,LARGEST_ERROR,9.09708e-13,SUPPORTED,TRUE,EXCEPTION_MSG,NONE
Case_735,PASS,FAILING_POINTS,0,LARGEST_ERROR,1.57841e-08,SUPPORTED,TRUE,EXCEPTION_MSG,NONE
Case_736,PASS,FAILING_POINTS,0,LARGEST_ERROR,3.20598e-08,SUPPORTED,TRUE,EXCEPTION_MSG,NONE
Case_737,PASS,FAILING_POINTS,0,LARGEST_ERROR,2.44412e-08,SUPPORTED,TRUE,EXCEPTION_MSG,NONE
Case_738,PASS,FAILING_POINTS,0,LARGEST_ERROR,2.82369e-11,SUPPORTED,TRUE,EXCEPTION_MSG,NONE
Case_739,PASS,FAILING_POINTS,0,LARGEST_ERROR,8.24019e-12,SUPPORTED,TRUE,EXCEPTION_MSG,NONE
Case_740,PASS,FAILING_POINTS,0,LARGEST_ERROR,4.81103e-12,SUPPORTED,TRUE,EXCEPTION_MSG,NONE
Case_741,PASS,FAILING_POINTS,0,LARGEST_ERROR,6.3014e-15,SUPPORTED,TRUE,EXCEPTION_MSG,NONE
Case_742,PASS,FAILING_POINTS,0,LARGEST_ERROR,3.65512e-09,SUPPORTED,TRUE,EXCEPTION_MSG,NONE
Case_743,PASS,FAILING_POINTS,0,LARGEST_ERROR,2.34525e-08,SUPPORTED,TRUE,EXCEPTION_MSG,NONE
Case_744,PASS,FAILING_POINTS,0,LARGEST_ERROR,1.10567e-07,SUPPORTED,TRUE,EXCEPTION_MSG,NONE
Case_745,PASS,FAILING_POINTS,0,LARGEST_ERROR,9.28715e-08,SUPPORTED,TRUE,EXCEPTION_MSG,NONE
Case_746,PASS,FAILING_POINTS,0,LARGEST_ERROR,1.48732e-09,SUPPORTED,TRUE,EXCEPTION_MSG,NONE
Case_747,PASS,FAILING_POINTS,0,LARGEST_ERROR,9.71886e-12,SUPPORTED,TRUE,EXCEPTION_MSG,NONE
Case_748,FAIL,FAILING_POINTS,0,LARGEST_ERROR,1,SUPPORTED,TRUE,EXCEPTION_MSG,KNOWN_PROBLEM
Case_749,PASS,FAILING_POINTS,0,LARGEST_ERROR,6.43705e-08,SUPPORTED,TRUE,EXCEPTION_MSG,NONE
Case_750,PASS,FAILING_POINTS,0,LARGEST_ERROR,6.52651e-08,SUPPORTED,TRUE,EXCEPTION_MSG,NONE
Case_751,PASS,FAILING_POINTS,0,LARGEST_ERROR,7.04915e-09,SUPPORTED,TRUE,EXCEPTION_MSG,NONE
Case_752,PASS,FAILING_POINTS,0,LARGEST_ERROR,2.7948e-08,SUPPORTED,TRUE,EXCEPTION_MSG,NONE
Case_753,PASS,FAILING_POINTS,0,LARGEST_ERROR,1.55104e-08,SUPPORTED,TRUE,EXCEPTION_MSG,NONE
Case_754,PASS,FAILING_POINTS,0,LARGEST_ERROR,4.94559e-09,SUPPORTED,TRUE,EXCEPTION_MSG,NONE
Case_755,PASS,FAILING_POINTS,0,LARGEST_ERROR,4.94559e-09,SUPPORTED,TRUE,EXCEPTION_MSG,NONE
Case_756,PASS,FAILING_POINTS,0,LARGEST_ERROR,4.94559e-09,SUPPORTED,TRUE,EXCEPTION_MSG,NONE
Case_757,PASS,FAILING_POINTS,0,LARGEST_ERROR,2.67237e-08,SUPPORTED,TRUE,EXCEPTION_MSG,NONE
Case_758,PASS,FAILING_POINTS,0,LARGEST_ERROR,2.67237e-08,SUPPORTED,TRUE,EXCEPTION_MSG,NONE
Case_759,PASS,FAILING_POINTS,0,LARGEST_ERROR,2.66707e-08,SUPPORTED,TRUE,EXCEPTION_MSG,NONE
Case_760,FAIL,FAILING_POINTS,0,LARGEST_ERROR,1,SUPPORTED,FALSE,EXCEPTION_MSG,NOT_SUPPORTED
Case_761,FAIL,FAILING_POINTS,0,LARGEST_ERROR,1,SUPPORTED,FALSE,EXCEPTION_MSG,NOT_SUPPORTED
Case_762,FAIL,FAILING_POINTS,0,LARGEST_ERROR,1,SUPPORTED,FALSE,EXCEPTION_MSG,NOT_SUPPORTED
Case_763,PASS,FAILING_POINTS,0,LARGEST_ERROR,1.18781e-08,SUPPORTED,TRUE,EXCEPTION_MSG,NONE
Case_764,PASS,FAILING_POINTS,0,LARGEST_ERROR,2.13704e-08,SUPPORTED,TRUE,EXCEPTION_MSG,NONE
Case_765,PASS,FAILING_POINTS,0,LARGEST_ERROR,1.05474e-07,SUPPORTED,TRUE,EXCEPTION_MSG,NONE
Case_766,PASS,FAILING_POINTS,0,LARGEST_ERROR,3.50852e-11,SUPPORTED,TRUE,EXCEPTION_MSG,NONE
Case_767,PASS,FAILING_POINTS,0,LARGEST_ERROR,5.57109e-09,SUPPORTED,TRUE,EXCEPTION_MSG,NONE
Case_768,PASS,FAILING_POINTS,0,LARGEST_ERROR,8.91519e-12,SUPPORTED,TRUE,EXCEPTION_MSG,NONE
Case_769,PASS,FAILING_POINTS,0,LARGEST_ERROR,6.3965e-08,SUPPORTED,TRUE,EXCEPTION_MSG,NONE
Case_770,PASS,FAILING_POINTS,0,LARGEST_ERROR,6.25935e-08,SUPPORTED,TRUE,EXCEPTION_MSG,NONE
Case_771,PASS,FAILING_POINTS,0,LARGEST_ERROR,1.26367e-08,SUPPORTED,TRUE,EXCEPTION_MSG,NONE
Case_772,PASS,FAILING_POINTS,0,LARGEST_ERROR,1.26367e-08,SUPPORTED,TRUE,EXCEPTION_MSG,NONE
Case_773,PASS,FAILING_POINTS,0,LARGEST_ERROR,1.13694e-08,SUPPORTED,TRUE,EXCEPTION_MSG,NONE
Case_774,PASS,FAILING_POINTS,0,LARGEST_ERROR,9.04945e-08,SUPPORTED,TRUE,EXCEPTION_MSG,NONE
Case_775,PASS,FAILING_POINTS,0,LARGEST_ERROR,5.8272e-10,SUPPORTED,TRUE,EXCEPTION_MSG,NONE
Case_776,PASS,FAILING_POINTS,0,LARGEST_ERROR,1.22996e-07,SUPPORTED,TRUE,EXCEPTION_MSG,NONE
Case_777,FAIL,FAILING_POINTS,0,LARGEST_ERROR,1,SUPPORTED,FALSE,EXCEPTION_MSG,NOT_SUPPORTED
Case_778,FAIL,FAILING_POINTS,0,LARGEST_ERROR,1,SUPPORTED,FALSE,EXCEPTION_MSG,NOT_SUPPORTED
Case_779,FAIL,FAILING_POINTS,0,LARGEST_ERROR,1,SUPPORTED,FALSE,EXCEPTION_MSG,NOT_SUPPORTED
Case_780,FAIL,FAILING_POINTS,0,LARGEST_ERROR,1,SUPPORTED,FALSE,EXCEPTION_MSG,NOT_SUPPORTED
Case_781,PASS,FAILING_POINTS,0,LARGEST_ERROR,1.94749e-08,SUPPORTED,TRUE,EXCEPTION_MSG,NONE
Case_782,PASS,FAILING_POINTS,0,LARGEST_ERROR,9.13889e-08,SUPPORTED,TRUE,EXCEPTION_MSG,NONE
Case_783,PASS,FAILING_POINTS,0,LARGEST_ERROR,8.1642e-09,SUPPORTED,TRUE,EXCEPTION_MSG,NONE
Case_784,PASS,FAILING_POINTS,0,LARGEST_ERROR,1.21639e-10,SUPPORTED,TRUE,EXCEPTION_MSG,NONE
Case_785,PASS,FAILING_POINTS,0,LARGEST_ERROR,3.00021e-11,SUPPORTED,TRUE,EXCEPTION_MSG,NONE
Case_786,PASS,FAILING_POINTS,0,LARGEST_ERROR,7.74297e-10,SUPPORTED,TRUE,EXCEPTION_MSG,NONE
Case_787,PASS,FAILING_POINTS,0,LARGEST_ERROR,7.87775e-09,SUPPORTED,TRUE,EXCEPTION_MSG,NONE
Case_788,PASS,FAILING_POINTS,0,LARGEST_ERROR,8.13066e-10,SUPPORTED,TRUE,EXCEPTION_MSG,NONE
Case_789,PASS,FAILING_POINTS,0,LARGEST_ERROR,2.55331e-08,SUPPORTED,TRUE,EXCEPTION_MSG,NONE
Case_790,PASS,FAILING_POINTS,0,LARGEST_ERROR,2.55331e-08,SUPPORTED,TRUE,EXCEPTION_MSG,NONE
Case_791,PASS,FAILING_POINTS,0,LARGEST_ERROR,1.83744e-08,SUPPORTED,TRUE,EXCEPTION_MSG,NONE
Case_792,PASS,FAILING_POINTS,0,LARGEST_ERROR,1.94749e-08,SUPPORTED,TRUE,EXCEPTION_MSG,NONE
Case_793,PASS,FAILING_POINTS,0,LARGEST_ERROR,8.1642e-09,SUPPORTED,TRUE,EXCEPTION_MSG,NONE
Case_794,PASS,FAILING_POINTS,0,LARGEST_ERROR,9.13889e-08,SUPPORTED,TRUE,EXCEPTION_MSG,NONE
Case_795,PASS,FAILING_POINTS,0,LARGEST_ERROR,9.13889e-08,SUPPORTED,TRUE,EXCEPTION_MSG,NONE
Case_796,PASS,FAILING_POINTS,0,LARGEST_ERROR,1.94749e-08,SUPPORTED,TRUE,EXCEPTION_MSG,NONE
Case_797,PASS,FAILING_POINTS,0,LARGEST_ERROR,1.7632e-10,SUPPORTED,TRUE,EXCEPTION_MSG,NONE
Case_798,PASS,FAILING_POINTS,0,LARGEST_ERROR,2.22503e-12,SUPPORTED,TRUE,EXCEPTION_MSG,NONE
Case_799,PASS,FAILING_POINTS,0,LARGEST_ERROR,2.44333e-11,SUPPORTED,TRUE,EXCEPTION_MSG,NONE
Case_800,PASS,FAILING_POINTS,0,LARGEST_ERROR,8.74525e-10,SUPPORTED,TRUE,EXCEPTION_MSG,NONE
Case_801,PASS,FAILING_POINTS,0,LARGEST_ERROR,1.77636e-15,SUPPORTED,TRUE,EXCEPTION_MSG,NONE
Case_802,PASS,FAILING_POINTS,0,LARGEST_ERROR,4.81601e-07,SUPPORTED,TRUE,EXCEPTION_MSG,NONE
Case_803,PASS,FAILING_POINTS,0,LARGEST_ERROR,4.82005e-07,SUPPORTED,TRUE,EXCEPTION_MSG,NONE
Case_804,PASS,FAILING_POINTS,0,LARGEST_ERROR,2.10977e-09,SUPPORTED,TRUE,EXCEPTION_MSG,NONE
Case_805,PASS,FAILING_POINTS,0,LARGEST_ERROR,4.94826e-07,SUPPORTED,TRUE,EXCEPTION_MSG,NONE
Case_806,PASS,FAILING_POINTS,0,LARGEST_ERROR,1.21892e-09,SUPPORTED,TRUE,EXCEPTION_MSG,NONE
Case_807,PASS,FAILING_POINTS,0,LARGEST_ERROR,7.76486e-10,SUPPORTED,TRUE,EXCEPTION_MSG,NONE
Case_808,PASS,FAILING_POINTS,0,LARGEST_ERROR,7.99575e-10,SUPPORTED,TRUE,EXCEPTION_MSG,NONE
Case_809,PASS,FAILING_POINTS,0,LARGEST_ERROR,2.87013e-08,SUPPORTED,TRUE,EXCEPTION_MSG,NONE
Case_810,PASS,FAILING_POINTS,0,LARGEST_ERROR,1.71692e-09,SUPPORTED,TRUE,EXCEPTION_MSG,NONE
Case_811,PASS,FAILING_POINTS,0,LARGEST_ERROR,4.54157e-09,SUPPORTED,TRUE,EXCEPTION_MSG,NONE
Case_812,PASS,FAILING_POINTS,0,LARGEST_ERROR,8.25597e-08,SUPPORTED,TRUE,EXCEPTION_MSG,NONE
Case_813,PASS,FAILING_POINTS,0,LARGEST_ERROR,2.75378e-08,SUPPORTED,TRUE,EXCEPTION_MSG,NONE
Case_814,PASS,FAILING_POINTS,0,LARGEST_ERROR,7.2461e-08,SUPPORTED,TRUE,EXCEPTION_MSG,NONE
Case_815,PASS,FAILING_POINTS,0,LARGEST_ERROR,2.27283e-08,SUPPORTED,TRUE,EXCEPTION_MSG,NONE
Case_816,PASS,FAILING_POINTS,0,LARGEST_ERROR,1.70425e-09,SUPPORTED,TRUE,EXCEPTION_MSG,NONE
Case_817,PASS,FAILING_POINTS,0,LARGEST_ERROR,9.62761e-09,SUPPORTED,TRUE,EXCEPTION_MSG,NONE
Case_818,PASS,FAILING_POINTS,0,LARGEST_ERROR,7.11616e-09,SUPPORTED,TRUE,EXCEPTION_MSG,NONE
Case_819,PASS,FAILING_POINTS,0,LARGEST_ERROR,1.08709e-08,SUPPORTED,TRUE,EXCEPTION_MSG,NONE
Case_820,PASS,FAILING_POINTS,0,LARGEST_ERROR,2.20841e-08,SUPPORTED,TRUE,EXCEPTION_MSG,NONE
Case_821,PASS,FAILING_POINTS,0,LARGEST_ERROR,1.16013e-08,SUPPORTED,TRUE,EXCEPTION_MSG,NONE
Case_822,PASS,FAILING_POINTS,0,LARGEST_ERROR,2.07763e-09,SUPPORTED,TRUE,EXCEPTION_MSG,NONE
Case_823,PASS,FAILING_POINTS,0,LARGEST_ERROR,2.06775e-08,SUPPORTED,TRUE,EXCEPTION_MSG,NONE
Case_824,PASS,FAILING_POINTS,0,LARGEST_ERROR,5.34194e-08,SUPPORTED,TRUE,EXCEPTION_MSG,NONE
Case_825,PASS,FAILING_POINTS,0,LARGEST_ERROR,2.44205e-09,SUPPORTED,TRUE,EXCEPTION_MSG,NONE
Case_826,PASS,FAILING_POINTS,0,LARGEST_ERROR,1.25852e-08,SUPPORTED,TRUE,EXCEPTION_MSG,NONE
Case_827,PASS,FAILING_POINTS,0,LARGEST_ERROR,4.58752e-08,SUPPORTED,TRUE,EXCEPTION_MSG,NONE
Case_828,PASS,FAILING_POINTS,0,LARGEST_ERROR,2.44205e-09,SUPPORTED,TRUE,EXCEPTION_MSG,NONE
Case_829,PASS,FAILING_POINTS,0,LARGEST_ERROR,1.31325e-08,SUPPORTED,TRUE,EXCEPTION_MSG,NONE
Case_830,PASS,FAILING_POINTS,0,LARGEST_ERROR,3.18291e-08,SUPPORTED,TRUE,EXCEPTION_MSG,NONE
Case_831,PASS,FAILING_POINTS,0,LARGEST_ERROR,2.72932e-08,SUPPORTED,TRUE,EXCEPTION_MSG,NONE
Case_832,PASS,FAILING_POINTS,0,LARGEST_ERROR,1.74576e-08,SUPPORTED,TRUE,EXCEPTION_MSG,NONE
Case_833,PASS,FAILING_POINTS,0,LARGEST_ERROR,1.69195e-09,SUPPORTED,TRUE,EXCEPTION_MSG,NONE
Case_834,PASS,FAILING_POINTS,0,LARGEST_ERROR,8.10061e-09,SUPPORTED,TRUE,EXCEPTION_MSG,NONE
Case_835,PASS,FAILING_POINTS,0,LARGEST_ERROR,1.71692e-09,SUPPORTED,TRUE,EXCEPTION_MSG,NONE
Case_836,PASS,FAILING_POINTS,0,LARGEST_ERROR,1.70424e-09,SUPPORTED,TRUE,EXCEPTION_MSG,NONE
Case_837,PASS,FAILING_POINTS,0,LARGEST_ERROR,1.71692e-09,SUPPORTED,TRUE,EXCEPTION_MSG,NONE
Case_838,PASS,FAILING_POINTS,0,LARGEST_ERROR,9.53292e-09,SUPPORTED,TRUE,EXCEPTION_MSG,NONE
Case_839,PASS,FAILING_POINTS,0,LARGEST_ERROR,9.53292e-09,SUPPORTED,TRUE,EXCEPTION_MSG,NONE
Case_840,PASS,FAILING_POINTS,0,LARGEST_ERROR,4.54156e-09,SUPPORTED,TRUE,EXCEPTION_MSG,NONE
Case_841,PASS,FAILING_POINTS,0,LARGEST_ERROR,4.54153e-09,SUPPORTED,TRUE,EXCEPTION_MSG,NONE
Case_842,PASS,FAILING_POINTS,0,LARGEST_ERROR,4.54153e-09,SUPPORTED,TRUE,EXCEPTION_MSG,NONE
Case_843,PASS,FAILING_POINTS,0,LARGEST_ERROR,4.54153e-09,SUPPORTED,TRUE,EXCEPTION_MSG,NONE
Case_844,FAIL,FAILING_POINTS,0,LARGEST_ERROR,1,SUPPORTED,FALSE,EXCEPTION_MSG,NOT_SUPPORTED
Case_845,PASS,FAILING_POINTS,0,LARGEST_ERROR,4.77141e-08,SUPPORTED,TRUE,EXCEPTION_MSG,NONE
Case_846,PASS,FAILING_POINTS,0,LARGEST_ERROR,2.76864e-08,SUPPORTED,TRUE,EXCEPTION_MSG,NONE
Case_847,PASS,FAILING_POINTS,0,LARGEST_ERROR,3.00706e-08,SUPPORTED,TRUE,EXCEPTION_MSG,NONE
Case_848,PASS,FAILING_POINTS,0,LARGEST_ERROR,2.864e-08,SUPPORTED,TRUE,EXCEPTION_MSG,NONE
Case_849,PASS,FAILING_POINTS,0,LARGEST_ERROR,5.19824e-06,SUPPORTED,TRUE,EXCEPTION_MSG,NONE
Case_850,PASS,FAILING_POINTS,0,LARGEST_ERROR,1.56061e-08,SUPPORTED,TRUE,EXCEPTION_MSG,NONE
Case_851,PASS,FAILING_POINTS,0,LARGEST_ERROR,2.57276e-12,SUPPORTED,TRUE,EXCEPTION_MSG,NONE
Case_852,PASS,FAILING_POINTS,0,LARGEST_ERROR,1.15861e-14,SUPPORTED,TRUE,EXCEPTION_MSG,NONE
Case_853,PASS,FAILING_POINTS,0,LARGEST_ERROR,4.04801e-09,SUPPORTED,TRUE,EXCEPTION_MSG,NONE
Case_854,PASS,FAILING_POINTS,0,LARGEST_ERROR,2.29358e-09,SUPPORTED,TRUE,EXCEPTION_MSG,NONE
Case_855,PASS,FAILING_POINTS,0,LARGEST_ERROR,1.26456e-13,SUPPORTED,TRUE,EXCEPTION_MSG,NONE
Case_856,PASS,FAILING_POINTS,0,LARGEST_ERROR,1.73084e-11,SUPPORTED,TRUE,EXCEPTION_MSG,NONE
Case_857,PASS,FAILING_POINTS,0,LARGEST_ERROR,2.07658e-12,SUPPORTED,TRUE,EXCEPTION_MSG,NONE
Case_858,PASS,FAILING_POINTS,0,LARGEST_ERROR,1.81371e-10,SUPPORTED,TRUE,EXCEPTION_MSG,NONE
Case_859,PASS,FAILING_POINTS,0,LARGEST_ERROR,1.10726e-07,SUPPORTED,TRUE,EXCEPTION_MSG,NONE
Case_860,PASS,FAILING_POINTS,0,LARGEST_ERROR,2.29641e-11,SUPPORTED,TRUE,EXCEPTION_MSG,NONE
Case_861,PASS,FAILING_POINTS,0,LARGEST_ERROR,1.12133e-12,SUPPORTED,TRUE,EXCEPTION_MSG,NONE
Case_862,PASS,FAILING_POINTS,0,LARGEST_ERROR,1.72828e-11,SUPPORTED,TRUE,EXCEPTION_MSG,NONE
Case_863,PASS,FAILING_POINTS,0,LARGEST_ERROR,2.57572e-14,SUPPORTED,TRUE,EXCEPTION_MSG,NONE
Case_864,PASS,FAILING_POINTS,0,LARGEST_ERROR,2.70461e-13,SUPPORTED,TRUE,EXCEPTION_MSG,NONE
Case_865,PASS,FAILING_POINTS,0,LARGEST_ERROR,8.71194e-11,SUPPORTED,TRUE,EXCEPTION_MSG,NONE
Case_866,PASS,FAILING_POINTS,0,LARGEST_ERROR,2.51103e-12,SUPPORTED,TRUE,EXCEPTION_MSG,NONE
Case_867,PASS,FAILING_POINTS,0,LARGEST_ERROR,3.20687e-11,SUPPORTED,TRUE,EXCEPTION_MSG,NONE
Case_868,PASS,FAILING_POINTS,0,LARGEST_ERROR,1.50904e-08,SUPPORTED,TRUE,EXCEPTION_MSG,NONE
Case_869,PASS,FAILING_POINTS,0,LARGEST_ERROR,3.14711e-09,SUPPORTED,TRUE,EXCEPTION_MSG,NONE
Case_870,FAIL,FAILING_POINTS,0,LARGEST_ERROR,1,SUPPORTED,FALSE,EXCEPTION_MSG,NOT_SUPPORTED
Case_871,FAIL,FAILING_POINTS,0,LARGEST_ERROR,1,SUPPORTED,FALSE,EXCEPTION_MSG,NOT_SUPPORTED
Case_872,FAIL,FAILING_POINTS,0,LARGEST_ERROR,1,SUPPORTED,FALSE,EXCEPTION_MSG,NOT_SUPPORTED
Case_873,FAIL,FAILING_POINTS,0,LARGEST_ERROR,1,SUPPORTED,FALSE,EXCEPTION_MSG,NOT_SUPPORTED
Case_874,FAIL,FAILING_POINTS,0,LARGEST_ERROR,1,SUPPORTED,FALSE,EXCEPTION_MSG,NOT_SUPPORTED
Case_875,FAIL,FAILING_POINTS,0,LARGEST_ERROR,1,SUPPORTED,FALSE,EXCEPTION_MSG,NOT_SUPPORTED
Case_876,FAIL,FAILING_POINTS,0,LARGEST_ERROR,1,SUPPORTED,FALSE,EXCEPTION_MSG,NOT_SUPPORTED
Case_877,PASS,FAILING_POINTS,0,LARGEST_ERROR,3.52169e-11,SUPPORTED,TRUE,EXCEPTION_MSG,NONE
Case_878,PASS,FAILING_POINTS,0,LARGEST_ERROR,3.02397e-10,SUPPORTED,TRUE,EXCEPTION_MSG,NONE
Case_879,PASS,FAILING_POINTS,0,LARGEST_ERROR,1.77636e-15,SUPPORTED,TRUE,EXCEPTION_MSG,NONE
Case_880,PASS,FAILING_POINTS,0,LARGEST_ERROR,1.89351e-08,SUPPORTED,TRUE,EXCEPTION_MSG,NONE
Case_881,PASS,FAILING_POINTS,0,LARGEST_ERROR,3.47589e-08,SUPPORTED,TRUE,EXCEPTION_MSG,NONE
Case_882,PASS,FAILING_POINTS,0,LARGEST_ERROR,4.43432e-11,SUPPORTED,TRUE,EXCEPTION_MSG,NONE
Case_883,PASS,FAILING_POINTS,0,LARGEST_ERROR,7.04916e-09,SUPPORTED,TRUE,EXCEPTION_MSG,NONE
Case_884,PASS,FAILING_POINTS,0,LARGEST_ERROR,1.68052e-07,SUPPORTED,TRUE,EXCEPTION_MSG,NONE
Case_885,PASS,FAILING_POINTS,0,LARGEST_ERROR,9.18307e-10,SUPPORTED,TRUE,EXCEPTION_MSG,NONE
Case_886,PASS,FAILING_POINTS,0,LARGEST_ERROR,4.95548e-09,SUPPORTED,TRUE,EXCEPTION_MSG,NONE
Case_887,PASS,FAILING_POINTS,0,LARGEST_ERROR,0.000387043,SUPPORTED,TRUE,EXCEPTION_MSG,NONE
Case_888,PASS,FAILING_POINTS,0,LARGEST_ERROR,3.96054e-08,SUPPORTED,TRUE,EXCEPTION_MSG,NONE
Case_889,PASS,FAILING_POINTS,0,LARGEST_ERROR,3.37702e-13,SUPPORTED,TRUE,EXCEPTION_MSG,NONE
Case_890,PASS,FAILING_POINTS,0,LARGEST_ERROR,3.34462e-08,SUPPORTED,TRUE,EXCEPTION_MSG,NONE
Case_891,PASS,FAILING_POINTS,0,LARGEST_ERROR,2.57276e-12,SUPPORTED,TRUE,EXCEPTION_MSG,NONE
Case_892,FAIL,FAILING_POINTS,87,LARGEST_ERROR,0.00640805,SUPPORTED,TRUE,EXCEPTION_MSG,NONE
Case_893,PASS,FAILING_POINTS,0,LARGEST_ERROR,5.54223e-13,SUPPORTED,TRUE,EXCEPTION_MSG,NONE
Case_894,PASS,FAILING_POINTS,0,LARGEST_ERROR,8.77563e-09,SUPPORTED,TRUE,EXCEPTION_MSG,NONE
Case_895,PASS,FAILING_POINTS,0,LARGEST_ERROR,5.55185e-14,SUPPORTED,TRUE,EXCEPTION_MSG,NONE
Case_896,PASS,FAILING_POINTS,0,LARGEST_ERROR,4.04801e-09,SUPPORTED,TRUE,EXCEPTION_MSG,NONE
Case_897,PASS,FAILING_POINTS,0,LARGEST_ERROR,1.15527e-15,SUPPORTED,TRUE,EXCEPTION_MSG,NONE
Case_898,PASS,FAILING_POINTS,0,LARGEST_ERROR,8.54862e-11,SUPPORTED,TRUE,EXCEPTION_MSG,NONE
Case_899,PASS,FAILING_POINTS,0,LARGEST_ERROR,4.94077e-13,SUPPORTED,TRUE,EXCEPTION_MSG,NONE
Case_900,PASS,FAILING_POINTS,0,LARGEST_ERROR,2.15041e-11,SUPPORTED,TRUE,EXCEPTION_MSG,NONE
Case_901,PASS,FAILING_POINTS,0,LARGEST_ERROR,4.82059e-06,SUPPORTED,TRUE,EXCEPTION_MSG,NONE
Case_902,PASS,FAILING_POINTS,0,LARGEST_ERROR,4.83405e-07,SUPPORTED,TRUE,EXCEPTION_MSG,NONE
Case_903,PASS,FAILING_POINTS,0,LARGEST_ERROR,4.89904e-06,SUPPORTED,TRUE,EXCEPTION_MSG,NONE
Case_904,PASS,FAILING_POINTS,0,LARGEST_ERROR,4.78717e-06,SUPPORTED,TRUE,EXCEPTION_MSG,NONE
Case_905,PASS,FAILING_POINTS,0,LARGEST_ERROR,4.55954e-10,SUPPORTED,TRUE,EXCEPTION_MSG,NONE
Case_906,PASS,FAILING_POINTS,0,LARGEST_ERROR,3.39187e-09,SUPPORTED,TRUE,EXCEPTION_MSG,NONE
Case_907,PASS,FAILING_POINTS,0,LARGEST_ERROR,1.97337e-06,SUPPORTED,TRUE,EXCEPTION_MSG,NONE
Case_908,PASS,FAILING_POINTS,0,LARGEST_ERROR,4.95156e-06,SUPPORTED,TRUE,EXCEPTION_MSG,NONE
Case_909,PASS,FAILING_POINTS,0,LARGEST_ERROR,4.94434e-08,SUPPORTED,TRUE,EXCEPTION_MSG,NONE
Case_910,PASS,FAILING_POINTS,0,LARGEST_ERROR,4.94129e-08,SUPPORTED,TRUE,EXCEPTION_MSG,NONE
Case_911,PASS,FAILING_POINTS,0,LARGEST_ERROR,4.90412e-06,SUPPORTED,TRUE,EXCEPTION_MSG,NONE
Case_912,PASS,FAILING_POINTS,0,LARGEST_ERROR,4.72662e-06,SUPPORTED,TRUE,EXCEPTION_MSG,NONE
Case_913,PASS,FAILING_POINTS,0,LARGEST_ERROR,4.70225e-06,SUPPORTED,TRUE,EXCEPTION_MSG,NONE
Case_914,PASS,FAILING_POINTS,0,LARGEST_ERROR,4.95629e-06,SUPPORTED,TRUE,EXCEPTION_MSG,NONE
Case_915,PASS,FAILING_POINTS,0,LARGEST_ERROR,4.89471e-07,SUPPORTED,TRUE,EXCEPTION_MSG,NONE
Case_916,PASS,FAILING_POINTS,0,LARGEST_ERROR,6.75854e-06,SUPPORTED,TRUE,EXCEPTION_MSG,NONE
Case_917,PASS,FAILING_POINTS,0,LARGEST_ERROR,4.93123e-05,SUPPORTED,TRUE,EXCEPTION_MSG,NONE
Case_918,PASS,FAILING_POINTS,0,LARGEST_ERROR,4.25632e-05,SUPPORTED,TRUE,EXCEPTION_MSG,NONE
Case_919,PASS,FAILING_POINTS,0,LARGEST_ERROR,4.89852e-05,SUPPORTED,TRUE,EXCEPTION_MSG,NONE
Case_920,PASS,FAILING_POINTS,0,LARGEST_ERROR,1.11022e-16,SUPPORTED,TRUE,EXCEPTION_MSG,NONE
Case_921,PASS,FAILING_POINTS,0,LARGEST_ERROR,1.11022e-16,SUPPORTED,TRUE,EXCEPTION_MSG,NONE
Case_922,PASS,FAILING_POINTS,0,LARGEST_ERROR,1.11022e-16,SUPPORTED,TRUE,EXCEPTION_MSG,NONE
Case_923,PASS,FAILING_POINTS,0,LARGEST_ERROR,1.11022e-16,SUPPORTED,TRUE,EXCEPTION_MSG,NONE
Case_924,PASS,FAILING_POINTS,0,LARGEST_ERROR,1.11022e-16,SUPPORTED,TRUE,EXCEPTION_MSG,NONE
Case_925,PASS,FAILING_POINTS,0,LARGEST_ERROR,1.11022e-16,SUPPORTED,TRUE,EXCEPTION_MSG,NONE
Case_926,PASS,FAILING_POINTS,0,LARGEST_ERROR,2.42698e-07,SUPPORTED,TRUE,EXCEPTION_MSG,NONE
Case_927,PASS,FAILING_POINTS,0,LARGEST_ERROR,3.62286e-08,SUPPORTED,TRUE,EXCEPTION_MSG,NONE
Case_928,PASS,FAILING_POINTS,0,LARGEST_ERROR,8.88178e-16,SUPPORTED,TRUE,EXCEPTION_MSG,NONE
Case_929,PASS,FAILING_POINTS,0,LARGEST_ERROR,8.88178e-16,SUPPORTED,TRUE,EXCEPTION_MSG,NONE
Case_930,PASS,FAILING_POINTS,0,LARGEST_ERROR,2.22045e-16,SUPPORTED,TRUE,EXCEPTION_MSG,NONE
Case_931,FAIL,FAILING_POINTS,78,LARGEST_ERROR,3,SUPPORTED,TRUE,EXCEPTION_MSG,NONE
Case_932,PASS,FAILING_POINTS,0,LARGEST_ERROR,4.10367e-08,SUPPORTED,TRUE,EXCEPTION_MSG,NONE
Case_933,PASS,FAILING_POINTS,0,LARGEST_ERROR,2.37487e-08,SUPPORTED,TRUE,EXCEPTION_MSG,NONE
Case_934,FAIL,FAILING_POINTS,52,LARGEST_ERROR,1,SUPPORTED,TRUE,EXCEPTION_MSG,NONE
Case_935,PASS,FAILING_POINTS,0,LARGEST_ERROR,2.22045e-16,SUPPORTED,TRUE,EXCEPTION_MSG,NONE
Case_936,FAIL,FAILING_POINTS,194,LARGEST_ERROR,3,SUPPORTED,TRUE,EXCEPTION_MSG,NONE
Case_937,FAIL,FAILING_POINTS,0,LARGEST_ERROR,1,SUPPORTED,FALSE,EXCEPTION_MSG,NOT_SUPPORTED
Case_938,FAIL,FAILING_POINTS,0,LARGEST_ERROR,1,SUPPORTED,FALSE,EXCEPTION_MSG,NOT_SUPPORTED
Case_939,FAIL,FAILING_POINTS,0,LARGEST_ERROR,1,SUPPORTED,FALSE,EXCEPTION_MSG,NOT_SUPPORTED
Case_940,FAIL,FAILING_POINTS,0,LARGEST_ERROR,1,SUPPORTED,FALSE,EXCEPTION_MSG,NOT_SUPPORTED
Case_941,FAIL,FAILING_POINTS,0,LARGEST_ERROR,1,SUPPORTED,FALSE,EXCEPTION_MSG,NOT_SUPPORTED
Case_942,FAIL,FAILING_POINTS,0,LARGEST_ERROR,1,SUPPORTED,FALSE,EXCEPTION_MSG,NOT_SUPPORTED
Case_943,FAIL,FAILING_POINTS,0,LARGEST_ERROR,1,SUPPORTED,FALSE,EXCEPTION_MSG,NOT_SUPPORTED
Case_944,PASS,FAILING_POINTS,0,LARGEST_ERROR,4.13842e-07,SUPPORTED,TRUE,EXCEPTION_MSG,NONE
Case_945,FAIL,FAILING_POINTS,130,LARGEST_ERROR,18.6979,SUPPORTED,TRUE,EXCEPTION_MSG,NONE
Case_946,PASS,FAILING_POINTS,0,LARGEST_ERROR,3.74709e-06,SUPPORTED,TRUE,EXCEPTION_MSG,NONE
Case_947,FAIL,FAILING_POINTS,130,LARGEST_ERROR,1.86979,SUPPORTED,TRUE,EXCEPTION_MSG,NONE
Case_948,PASS,FAILING_POINTS,0,LARGEST_ERROR,3.75009e-07,SUPPORTED,TRUE,EXCEPTION_MSG,NONE
Case_949,PASS,FAILING_POINTS,0,LARGEST_ERROR,1.11022e-16,SUPPORTED,TRUE,EXCEPTION_MSG,NONE
Case_950
Case_951,PASS,FAILING_POINTS,0,LARGEST_ERROR,+INF,SUPPORTED,TRUE,EXCEPTION_MSG,NONE
Case_952,PASS,FAILING_POINTS,0,LARGEST_ERROR,4.99502e-09,SUPPORTED,TRUE,EXCEPTION_MSG,NONE
Case_953,PASS,FAILING_POINTS,0,LARGEST_ERROR,4.99502e-09,SUPPORTED,TRUE,EXCEPTION_MSG,NONE
Case_954,PASS,FAILING_POINTS,0,LARGEST_ERROR,4.76828e-10,SUPPORTED,TRUE,EXCEPTION_MSG,NONE
Case_955,FAIL,FAILING_POINTS,1,LARGEST_ERROR,1,SUPPORTED,TRUE,EXCEPTION_MSG,NONE
Case_956,PASS,FAILING_POINTS,0,LARGEST_ERROR,4.76828e-10,SUPPORTED,TRUE,EXCEPTION_MSG,NONE
Case_957
Case_958
Case_959,FAIL,FAILING_POINTS,171,LARGEST_ERROR,1000,SUPPORTED,TRUE,EXCEPTION_MSG,NONE
Case_960,PASS,FAILING_POINTS,0,LARGEST_ERROR,1.28221e+08,SUPPORTED,TRUE,EXCEPTION_MSG,NONE
Case_961,FAIL,FAILING_POINTS,0,LARGEST_ERROR,1,SUPPORTED,TRUE,EXCEPTION_MSG,KNOWN_PROBLEM
Case_962,FAIL,FAILING_POINTS,11,LARGEST_ERROR,1,SUPPORTED,TRUE,EXCEPTION_MSG,NONE
Case_963,FAIL,FAILING_POINTS,1999,LARGEST_ERROR,10,SUPPORTED,TRUE,EXCEPTION_MSG,NONE
Case_964,PASS,FAILING_POINTS,0,LARGEST_ERROR,4.99502e-09,SUPPORTED,TRUE,EXCEPTION_MSG,NONE
Case_965,PASS,FAILING_POINTS,0,LARGEST_ERROR,4.99502e-09,SUPPORTED,TRUE,EXCEPTION_MSG,NONE
Case_966,FAIL,FAILING_POINTS,0,LARGEST_ERROR,1,SUPPORTED,TRUE,EXCEPTION_MSG,KNOWN_PROBLEM
Case_967,FAIL,FAILING_POINTS,202,LARGEST_ERROR,5,SUPPORTED,TRUE,EXCEPTION_MSG,NONE
Case_968,PASS,FAILING_POINTS,0,LARGEST_ERROR,1.42109e-14,SUPPORTED,TRUE,EXCEPTION_MSG,NONE
Case_969,PASS,FAILING_POINTS,0,LARGEST_ERROR,1.42109e-14,SUPPORTED,TRUE,EXCEPTION_MSG,NONE
Case_970,PASS,FAILING_POINTS,0,LARGEST_ERROR,1.42109e-14,SUPPORTED,TRUE,EXCEPTION_MSG,NONE
Case_971,PASS,FAILING_POINTS,0,LARGEST_ERROR,1.42109e-14,SUPPORTED,TRUE,EXCEPTION_MSG,NONE
Case_972,PASS,FAILING_POINTS,0,LARGEST_ERROR,5.32907e-15,SUPPORTED,TRUE,EXCEPTION_MSG,NONE
Case_973,PASS,FAILING_POINTS,0,LARGEST_ERROR,4.44089e-14,SUPPORTED,TRUE,EXCEPTION_MSG,NONE
Case_974,PASS,FAILING_POINTS,0,LARGEST_ERROR,5.32907e-15,SUPPORTED,TRUE,EXCEPTION_MSG,NONE
Case_975,PASS,FAILING_POINTS,0,LARGEST_ERROR,4.95487e-10,SUPPORTED,TRUE,EXCEPTION_MSG,NONE
Case_976,PASS,FAILING_POINTS,0,LARGEST_ERROR,4.94469e-10,SUPPORTED,TRUE,EXCEPTION_MSG,NONE
Case_977,PASS,FAILING_POINTS,0,LARGEST_ERROR,5.00315e-10,SUPPORTED,TRUE,EXCEPTION_MSG,NONE
Case_978,FAIL,FAILING_POINTS,0,LARGEST_ERROR,1,SUPPORTED,FALSE,EXCEPTION_MSG,NOT_SUPPORTED
Case_979,PASS,FAILING_POINTS,0,LARGEST_ERROR,2.22045e-16,SUPPORTED,TRUE,EXCEPTION_MSG,NONE
Case_980,PASS,FAILING_POINTS,0,LARGEST_ERROR,2.22045e-16,SUPPORTED,TRUE,EXCEPTION_MSG,NONE
